p;d;q;P;D;Q;s;LookBackWindowSize;SeasonalPeriod
0;0;2;0;0;0;0;260;1
0;0;1;0;0;0;0;260;1
0;0;0;0;0;0;0;260;1
1;0;0;0;0;0;0;260;1
0;0;0;0;0;0;0;260;1
0;0;1;0;0;0;0;260;1
1;0;2;0;0;0;0;260;1
0;0;1;0;0;0;0;260;1
0;0;0;0;0;0;0;260;1
1;0;0;0;0;0;0;260;1
0;0;1;0;0;0;0;260;1
0;0;0;0;0;0;0;260;1
0;0;0;0;0;0;0;260;1
0;0;1;0;0;0;0;260;1
0;0;0;0;0;0;0;260;1
0;0;0;0;0;0;0;260;1
0;0;0;0;0;0;0;260;1
0;0;0;0;0;0;0;260;1
0;0;0;0;0;0;0;260;1
0;0;0;0;0;0;0;260;1
0;0;0;0;0;0;0;260;1
0;0;0;0;0;0;0;260;1
0;0;2;0;0;0;0;260;1
1;0;0;0;0;0;0;260;1
2;0;2;0;0;0;0;260;1
0;0;0;0;0;0;0;260;1
0;0;0;0;0;0;0;260;1
0;0;0;0;0;0;0;260;1
0;0;0;0;0;0;0;260;1
0;0;1;0;0;0;0;260;1
0;0;0;0;0;0;0;260;1
0;0;0;0;0;0;0;260;1
0;0;1;0;0;0;0;260;1
0;0;0;0;0;0;0;260;1
0;0;0;0;0;0;0;260;1
0;0;0;0;0;0;0;260;1
0;0;0;0;0;0;0;260;1
0;0;1;0;0;0;0;260;1
0;0;1;0;0;0;0;260;1
0;0;0;0;0;0;0;260;1
0;0;0;0;0;0;0;260;1
0;0;0;0;0;0;0;260;1
1;0;0;0;0;0;0;260;1
0;0;0;0;0;0;0;260;1
0;0;0;0;0;0;0;260;1
1;0;0;0;0;0;0;260;1
0;0;0;0;0;0;0;260;1
0;0;1;0;0;0;0;260;1
0;0;0;0;0;0;0;260;1
0;0;1;0;0;0;0;260;1
1;0;0;0;0;0;0;260;1
1;0;0;0;0;0;0;260;1
1;0;0;0;0;0;0;260;1
0;0;1;0;0;0;0;260;1
1;0;0;0;0;0;0;260;1
0;0;2;0;0;0;0;260;1
0;0;0;0;0;0;0;260;1
0;0;1;0;0;0;0;260;1
0;0;1;0;0;0;0;260;1
1;0;1;0;0;0;0;260;1
1;0;0;0;0;0;0;260;1
0;0;0;0;0;0;0;260;1
0;0;0;0;0;0;0;260;1
0;0;0;0;0;0;0;260;1
0;0;1;0;0;0;0;260;1
0;0;2;0;0;0;0;260;1
0;0;1;0;0;0;0;260;1
1;0;0;0;0;0;0;260;1
0;0;1;0;0;0;0;260;1
0;0;1;0;0;0;0;260;1
0;0;0;0;0;0;0;260;1
0;0;2;0;0;0;0;260;1
1;0;0;0;0;0;0;260;1
1;0;2;0;0;0;0;260;1
0;0;1;0;0;0;0;260;1
0;0;1;0;0;0;0;260;1
1;0;0;0;0;0;0;260;1
0;0;0;0;0;0;0;260;1
1;0;0;0;0;0;0;260;1
0;0;0;0;0;0;0;260;1
0;0;0;0;0;0;0;260;1
0;0;0;0;0;0;0;260;1
1;0;0;0;0;0;0;260;1
0;0;0;0;0;0;0;260;1
0;0;0;0;0;0;0;260;1
1;0;0;0;0;0;0;260;1
2;0;0;0;0;0;0;260;1
0;0;1;0;0;0;0;260;1
0;0;0;0;0;0;0;260;1
2;0;2;0;0;0;0;260;1
0;0;0;0;0;0;0;260;1
0;0;3;0;0;0;0;260;1
0;0;3;0;0;0;0;260;1
0;0;0;0;0;0;0;260;1
0;0;0;0;0;0;0;260;1
0;0;0;0;0;0;0;260;1
0;0;0;0;0;0;0;260;1
0;0;0;0;0;0;0;260;1
0;0;0;0;0;0;0;260;1
0;0;0;0;0;0;0;260;1
0;0;0;0;0;0;0;260;1
0;0;0;0;0;0;0;260;1
0;0;0;0;0;0;0;260;1
0;0;0;0;0;0;0;260;1
0;0;1;0;0;0;0;260;1
0;0;1;0;0;0;0;260;1
1;0;0;0;0;0;0;260;1
1;0;0;0;0;0;0;260;1
1;0;0;0;0;0;0;260;1
0;0;1;0;0;0;0;260;1
0;0;1;0;0;0;0;260;1
1;0;0;0;0;0;0;260;1
0;0;0;0;0;0;0;260;1
0;0;0;0;0;0;0;260;1
1;0;0;0;0;0;0;260;1
0;0;0;0;0;0;0;260;1
0;0;0;0;0;0;0;260;1
1;0;0;0;0;0;0;260;1
0;0;3;0;0;0;0;260;1
0;0;0;0;0;0;0;260;1
0;0;1;0;0;0;0;260;1
0;0;1;0;0;0;0;260;1
0;0;2;0;0;0;0;260;1
1;0;0;0;0;0;0;260;1
0;0;2;0;0;0;0;260;1
0;0;1;0;0;0;0;260;1
1;0;0;0;0;0;0;260;1
0;0;0;0;0;0;0;260;1
0;0;0;0;0;0;0;260;1
1;0;0;0;0;0;0;260;1
1;0;0;0;0;0;0;260;1
0;0;0;0;0;0;0;260;1
2;0;0;0;0;0;0;260;1
0;0;0;0;0;0;0;260;1
0;0;2;0;0;0;0;260;1
0;0;2;0;0;0;0;260;1
0;0;0;0;0;0;0;260;1
0;0;0;0;0;0;0;260;1
0;0;0;0;0;0;0;260;1
1;0;0;0;0;0;0;260;1
0;0;2;0;0;0;0;260;1
1;0;0;0;0;0;0;260;1
0;0;0;0;0;0;0;260;1
1;0;2;0;0;0;0;260;1
1;0;0;0;0;0;0;260;1
4;0;2;0;0;0;0;260;1
1;0;0;0;0;0;0;260;1
0;0;0;0;0;0;0;260;1
1;0;0;0;0;0;0;260;1
0;0;0;0;0;0;0;260;1
0;0;1;0;0;0;0;260;1
0;0;0;0;0;0;0;260;1
1;0;0;0;0;0;0;260;1
0;0;0;0;0;0;0;260;1
2;0;0;0;0;0;0;260;1
0;0;0;0;0;0;0;260;1
2;0;2;0;0;0;0;260;1
0;0;0;0;0;0;0;260;1
1;0;0;0;0;0;0;260;1
0;0;0;0;0;0;0;260;1
0;0;0;0;0;0;0;260;1
0;0;1;0;0;0;0;260;1
0;0;1;0;0;0;0;260;1
0;0;1;0;0;0;0;260;1
0;0;0;0;0;0;0;260;1
0;0;0;0;0;0;0;260;1
0;0;3;0;0;0;0;260;1
1;0;0;0;0;0;0;260;1
0;0;2;0;0;0;0;260;1
0;0;0;0;0;0;0;260;1
0;0;1;0;0;0;5;260;5
0;0;0;0;0;0;5;260;5
0;0;0;0;0;0;5;260;5
0;0;0;0;0;0;5;260;5
0;0;1;0;0;0;5;260;5
0;0;0;0;0;0;5;260;5
0;0;0;0;0;0;5;260;5
0;0;0;0;0;0;5;260;5
0;0;0;0;0;1;5;260;5
1;0;0;0;0;0;5;260;5
2;0;0;0;0;0;5;260;5
0;0;1;0;0;0;5;260;5
0;0;0;0;0;0;5;260;5
0;0;1;0;0;0;5;260;5
0;0;1;0;0;0;5;260;5
0;0;0;0;0;0;5;260;5
1;0;0;0;0;0;5;260;5
0;0;0;0;0;1;5;260;5
0;0;0;0;0;0;5;260;5
0;0;1;0;0;0;5;260;5
0;0;0;0;0;2;5;260;5
0;0;0;0;0;1;5;260;5
0;0;0;0;0;0;5;260;5
2;0;0;0;0;0;5;260;5
0;0;0;0;0;1;5;260;5
0;0;0;0;0;0;5;260;5
0;0;0;0;0;1;5;260;5
0;0;0;0;0;1;5;260;5
0;0;0;0;0;1;5;260;5
0;0;0;0;0;0;5;260;5
0;0;0;0;0;0;5;260;5
0;0;0;0;0;0;5;260;5
0;0;0;0;0;1;5;260;5
0;0;0;0;0;0;5;260;5
1;0;0;0;0;0;5;260;5
0;0;0;0;0;1;5;260;5
0;0;1;0;0;0;5;260;5
0;0;0;0;0;0;5;260;5
0;0;0;0;0;1;5;260;5
0;0;0;0;0;0;5;260;5
0;0;0;0;0;0;5;260;5
0;0;1;0;0;0;5;260;5
0;0;1;0;0;0;5;260;5
0;0;0;0;0;2;5;260;5
0;0;1;0;0;0;5;260;5
0;0;1;0;0;1;5;260;5
1;0;0;0;0;0;5;260;5
0;0;0;0;0;0;5;260;5
0;0;0;0;0;0;5;260;5
1;0;0;0;0;1;5;260;5
0;0;0;0;0;0;5;260;5
0;0;1;0;0;0;5;260;5
1;0;0;0;0;0;5;260;5
0;0;0;0;0;0;5;260;5
0;0;1;0;0;0;5;260;5
1;0;0;0;0;0;5;260;5
0;0;3;0;0;1;5;260;5
0;0;1;0;0;0;5;260;5
0;0;1;0;0;1;5;260;5
0;0;0;0;0;0;5;260;5
0;0;0;0;0;0;5;260;5
1;0;0;0;0;0;5;260;5
0;0;1;0;0;1;5;260;5
0;0;1;0;0;0;5;260;5
0;0;0;0;0;0;5;260;5
0;0;1;0;0;0;5;260;5
0;0;1;0;0;1;5;260;5
0;0;2;0;0;0;5;260;5
0;0;1;0;0;0;5;260;5
0;0;0;0;0;1;5;260;5
0;0;0;0;0;0;5;260;5
0;0;0;0;0;0;5;260;5
0;0;0;0;0;0;5;260;5
1;0;0;0;0;0;5;260;5
0;0;0;0;0;0;5;260;5
0;0;0;0;0;0;5;260;5
0;0;0;0;0;0;5;260;5
0;0;2;0;0;0;5;260;5
0;0;0;0;0;1;5;260;5
0;0;0;0;0;0;5;260;5
0;0;0;0;0;1;5;260;5
1;0;0;0;0;1;5;260;5
0;0;2;0;0;0;5;260;5
0;0;0;0;0;0;5;260;5
0;0;0;0;0;0;5;260;5
0;0;0;0;0;0;5;260;5
1;0;0;0;0;0;5;260;5
0;0;3;0;0;0;5;260;5
0;0;2;0;0;0;5;260;5
0;0;1;0;0;0;5;260;5
0;0;0;0;0;0;5;260;5
0;0;1;0;0;0;5;260;5
0;0;0;0;0;0;5;260;5
0;0;0;0;0;0;5;260;5
0;0;0;0;0;0;5;260;5
0;0;0;0;0;0;5;260;5
0;0;0;0;0;1;5;260;5
0;0;0;0;0;1;5;260;5
0;0;0;0;0;0;5;260;5
0;0;4;0;0;1;5;260;5
0;0;0;0;0;0;5;260;5
0;0;0;0;0;0;5;260;5
1;0;0;0;0;0;5;260;5
0;0;0;0;0;0;5;260;5
0;0;1;0;0;0;5;260;5
0;0;1;0;0;0;5;260;5
0;0;0;0;0;1;5;260;5
0;0;0;0;0;0;5;260;5
0;0;1;0;0;0;5;260;5
0;0;0;0;0;0;5;260;5
0;0;0;0;0;0;5;260;5
0;0;0;0;0;0;5;260;5
0;0;0;0;0;0;5;260;5
0;0;1;0;0;0;5;260;5
1;0;0;0;0;1;5;260;5
0;0;0;0;0;0;5;260;5
0;0;0;0;0;0;5;260;5
1;0;0;0;0;0;5;260;5
1;0;0;0;0;0;5;260;5
0;0;0;0;0;0;5;260;5
0;0;0;0;0;0;5;260;5
0;0;1;0;0;2;5;260;5
0;0;0;0;0;1;5;260;5
0;0;1;0;0;0;5;260;5
0;0;0;0;0;0;5;260;5
0;0;0;0;0;1;5;260;5
0;0;2;0;0;0;5;260;5
0;0;0;1;0;1;5;260;5
0;0;1;0;0;0;5;260;5
0;0;0;1;0;1;5;260;5
0;0;0;0;0;0;5;260;5
0;0;0;0;0;0;5;260;5
1;0;0;0;0;0;5;260;5
0;0;0;0;0;0;5;260;5
0;0;0;0;0;0;5;260;5
1;0;0;0;0;0;5;260;5
0;0;0;0;0;1;5;260;5
0;0;0;0;0;0;5;260;5
0;0;2;0;0;0;5;260;5
0;0;1;0;0;0;5;260;5
0;0;0;0;0;0;5;260;5
0;0;0;0;0;0;5;260;5
0;0;0;0;0;0;5;260;5
0;0;0;0;0;1;5;260;5
2;0;0;0;0;0;5;260;5
0;0;0;1;0;2;5;260;5
1;0;0;0;0;1;5;260;5
2;0;0;0;0;0;5;260;5
0;0;0;0;0;0;5;260;5
0;0;0;0;0;1;5;260;5
1;0;0;0;0;1;5;260;5
1;0;0;0;0;1;5;260;5
2;0;0;0;0;0;5;260;5
0;0;0;0;0;0;5;260;5
0;0;0;0;0;0;5;260;5
0;0;0;0;0;0;5;260;5
0;0;0;0;0;0;5;260;5
0;0;0;0;0;0;5;260;5
0;0;1;0;0;0;5;260;5
4;0;0;0;0;0;5;260;5
0;0;0;0;0;0;5;260;5
0;0;0;0;0;0;5;260;5
0;0;0;0;0;0;5;260;5
0;0;0;0;0;0;5;260;5
0;0;0;0;0;0;5;260;5
0;0;1;0;0;0;5;260;5
0;0;2;0;0;0;5;260;5
0;0;2;0;0;0;5;260;5
4;0;0;0;0;0;5;260;5
0;0;0;0;0;0;5;260;5
0;0;0;0;0;0;0;520;1
0;0;0;0;0;0;0;520;1
0;0;2;0;0;0;0;520;1
0;0;1;0;0;0;0;520;1
0;0;0;0;0;0;0;520;1
0;0;1;0;0;0;0;520;1
0;0;0;0;0;0;0;520;1
0;0;0;0;0;0;0;520;1
0;0;0;0;0;0;0;520;1
0;0;2;0;0;0;0;520;1
0;0;1;0;0;0;0;520;1
0;0;0;0;0;0;0;520;1
0;0;0;0;0;0;0;520;1
0;0;0;0;0;0;0;520;1
0;0;2;0;0;0;0;520;1
0;0;0;0;0;0;0;520;1
0;0;0;0;0;0;0;520;1
0;0;1;0;0;0;0;520;1
0;0;0;0;0;0;0;520;1
0;0;1;0;0;0;0;520;1
2;0;0;0;0;0;0;520;1
0;0;0;0;0;0;0;520;1
0;0;0;0;0;0;0;520;1
0;0;1;0;0;0;0;520;1
0;0;3;0;0;0;0;520;1
0;0;0;0;0;0;0;520;1
0;0;0;0;0;0;0;520;1
0;0;0;0;0;0;0;520;1
0;0;0;0;0;0;0;520;1
0;0;0;0;0;0;0;520;1
0;0;0;0;0;0;0;520;1
0;0;0;0;0;0;0;520;1
0;0;0;0;0;0;0;520;1
0;0;1;0;0;0;0;520;1
0;0;0;0;0;0;0;520;1
0;0;2;0;0;0;0;520;1
0;0;0;0;0;0;0;520;1
0;0;0;0;0;0;0;520;1
3;0;0;0;0;0;0;520;1
0;0;3;0;0;0;0;520;1
0;0;2;0;0;0;0;520;1
0;0;0;0;0;0;0;520;1
0;0;1;0;0;0;0;520;1
0;0;0;0;0;0;0;520;1
0;0;0;0;0;0;0;520;1
0;0;0;0;0;0;0;520;1
0;0;1;0;0;0;0;520;1
1;0;0;0;0;0;0;520;1
0;0;0;0;0;0;0;520;1
0;0;0;0;0;0;0;520;1
0;0;0;0;0;0;0;520;1
0;0;0;0;0;0;0;520;1
0;0;1;0;0;0;0;520;1
1;0;0;0;0;0;0;520;1
1;0;0;0;0;0;0;520;1
0;0;1;0;0;0;0;520;1
0;0;3;0;0;0;0;520;1
0;0;1;0;0;0;0;520;1
1;0;0;0;0;0;0;520;1
1;0;0;0;0;0;0;520;1
0;0;1;0;0;0;0;520;1
0;0;2;0;0;0;0;520;1
0;0;1;0;0;0;0;520;1
0;0;0;0;0;0;0;520;1
0;0;0;0;0;0;0;520;1
0;0;0;0;0;0;0;520;1
0;0;0;0;0;0;0;520;1
0;0;0;0;0;0;0;520;1
1;0;0;0;0;0;0;520;1
0;0;1;0;0;0;0;520;1
0;0;1;0;0;0;0;520;1
0;0;1;0;0;0;0;520;1
0;0;0;0;0;0;0;520;1
0;0;0;0;0;0;0;520;1
1;0;0;0;0;0;0;520;1
0;0;0;0;0;0;0;520;1
0;0;1;0;0;0;0;520;1
0;0;1;0;0;0;0;520;1
1;0;0;0;0;0;0;520;1
0;0;2;0;0;0;0;520;1
0;0;1;0;0;0;0;520;1
0;0;0;0;0;0;0;520;1
1;0;0;0;0;0;0;520;1
0;0;0;0;0;0;0;520;1
0;0;0;0;0;0;0;520;1
2;0;0;0;0;0;0;520;1
0;0;1;0;0;0;0;520;1
0;0;1;0;0;0;0;520;1
0;0;1;0;0;0;0;520;1
1;0;0;0;0;0;0;520;1
0;0;0;0;0;0;0;520;1
0;0;0;0;0;0;0;520;1
1;0;0;0;0;0;0;520;1
1;0;0;0;0;0;0;520;1
0;0;0;0;0;0;0;520;1
0;0;0;0;0;0;0;520;1
0;0;0;0;0;0;0;520;1
1;0;0;0;0;0;0;520;1
0;0;0;0;0;0;0;520;1
0;0;3;0;0;0;0;520;1
1;0;0;0;0;0;0;520;1
0;0;1;0;0;0;0;520;1
1;0;0;0;0;0;0;520;1
0;0;0;0;0;0;0;520;1
1;0;0;0;0;0;0;520;1
0;0;0;0;0;0;0;520;1
0;0;1;0;0;0;0;520;1
0;0;1;0;0;0;0;520;1
0;0;0;0;0;0;0;520;1
0;0;0;0;0;0;0;520;1
0;0;2;0;0;0;0;520;1
0;0;1;0;0;0;0;520;1
1;0;0;0;0;0;0;520;1
0;0;1;0;0;0;0;520;1
1;0;0;0;0;0;0;520;1
0;0;0;0;0;0;0;520;1
0;0;2;0;0;0;0;520;1
1;0;0;0;0;0;0;520;1
0;0;0;0;0;0;0;520;1
1;0;0;0;0;0;0;520;1
0;0;1;0;0;0;0;520;1
0;0;2;0;0;0;0;520;1
0;0;0;0;0;0;0;520;1
0;0;2;0;0;0;0;520;1
0;0;1;0;0;0;0;520;1
0;0;3;0;0;0;0;520;1
0;0;0;0;0;0;0;520;1
0;0;1;0;0;0;0;520;1
0;0;0;0;0;0;0;520;1
0;0;2;0;0;0;0;520;1
1;0;0;0;0;0;0;520;1
0;0;3;0;0;0;0;520;1
0;0;1;0;0;0;0;520;1
0;0;1;0;0;0;0;520;1
0;0;1;0;0;0;0;520;1
0;0;1;0;0;0;0;520;1
0;0;1;0;0;0;0;520;1
0;0;2;0;0;0;0;520;1
1;0;0;0;0;0;0;520;1
0;0;1;0;0;0;0;520;1
0;0;0;0;0;0;0;520;1
0;0;0;0;0;0;0;520;1
0;0;1;0;0;0;0;520;1
0;0;0;0;0;0;0;520;1
1;0;0;0;0;0;0;520;1
1;0;2;0;0;0;0;520;1
0;0;0;0;0;0;0;520;1
0;0;3;0;0;0;0;520;1
0;0;0;0;0;0;0;520;1
1;0;0;0;0;0;0;520;1
2;0;0;0;0;0;0;520;1
0;0;0;0;0;0;0;520;1
0;0;0;0;0;0;0;520;1
0;0;0;0;0;0;0;520;1
0;0;1;0;0;0;0;520;1
1;0;0;0;0;0;0;520;1
0;0;1;0;0;0;0;520;1
0;0;0;0;0;0;0;520;1
0;0;0;0;0;0;0;520;1
0;0;0;0;0;0;0;520;1
0;0;0;0;0;0;0;520;1
0;0;0;0;0;0;0;520;1
0;0;0;0;0;0;0;520;1
0;0;0;0;0;0;0;520;1
2;0;0;0;0;0;0;520;1
0;0;3;0;0;0;0;520;1
0;0;0;0;0;0;0;520;1
0;0;3;0;0;0;0;520;1
1;0;0;0;0;0;0;520;1
0;0;0;0;0;0;0;520;1
0;0;0;0;0;2;5;520;5
0;0;0;0;0;1;5;520;5
2;0;0;0;0;0;5;520;5
0;0;0;0;0;0;5;520;5
0;0;1;0;0;1;5;520;5
0;0;1;0;0;0;5;520;5
0;0;1;0;0;1;5;520;5
0;0;0;0;0;0;5;520;5
0;0;0;0;0;0;5;520;5
0;0;0;0;0;0;5;520;5
0;0;1;0;0;1;5;520;5
0;0;0;0;0;0;5;520;5
0;0;1;0;0;0;5;520;5
3;0;0;0;0;1;5;520;5
0;0;0;0;0;0;5;520;5
0;0;0;0;0;0;5;520;5
0;0;0;0;0;0;5;520;5
0;0;1;0;0;1;5;520;5
0;0;1;0;0;0;5;520;5
0;0;1;0;0;0;5;520;5
0;0;0;0;0;1;5;520;5
0;0;0;0;0;0;5;520;5
0;0;0;0;0;1;5;520;5
0;0;1;0;0;1;5;520;5
0;0;0;0;0;0;5;520;5
0;0;0;0;0;0;5;520;5
0;0;0;0;0;1;5;520;5
0;0;0;0;0;0;5;520;5
0;0;0;0;0;0;5;520;5
0;0;2;0;0;0;5;520;5
0;0;0;0;0;0;5;520;5
0;0;2;0;0;2;5;520;5
0;0;2;0;0;0;5;520;5
0;0;0;0;0;0;5;520;5
0;0;1;0;0;0;5;520;5
0;0;0;0;0;0;5;520;5
0;0;0;0;0;1;5;520;5
0;0;0;0;0;1;5;520;5
0;0;0;0;0;0;5;520;5
0;0;0;0;0;0;5;520;5
0;0;0;0;0;0;5;520;5
0;0;0;0;0;0;5;520;5
0;0;0;0;0;0;5;520;5
0;0;0;0;0;1;5;520;5
0;0;1;0;0;0;5;520;5
0;0;0;0;0;1;5;520;5
3;0;0;0;0;0;5;520;5
0;0;0;0;0;0;5;520;5
0;0;0;0;0;0;5;520;5
0;0;0;0;0;1;5;520;5
0;0;1;0;0;0;5;520;5
0;0;1;0;0;0;5;520;5
0;0;1;0;0;0;5;520;5
0;0;1;0;0;0;5;520;5
0;0;1;0;0;0;5;520;5
0;0;2;0;0;0;5;520;5
1;0;0;0;0;0;5;520;5
1;0;1;0;0;0;5;520;5
0;0;1;0;0;1;5;520;5
0;0;0;0;0;0;5;520;5
0;0;0;0;0;0;5;520;5
0;0;1;0;0;0;5;520;5
0;0;0;0;0;0;5;520;5
0;0;1;0;0;0;5;520;5
0;0;0;0;0;0;5;520;5
0;0;0;0;0;0;5;520;5
0;0;0;0;0;0;5;520;5
0;0;0;0;0;0;5;520;5
0;0;0;0;0;0;5;520;5
0;0;3;0;0;0;5;520;5
0;0;0;0;0;1;5;520;5
0;0;2;0;0;1;5;520;5
0;0;0;0;0;1;5;520;5
0;0;0;0;0;0;5;520;5
0;0;2;0;0;0;5;520;5
0;0;0;0;0;1;5;520;5
0;0;2;0;0;1;5;520;5
0;0;1;0;0;0;5;520;5
0;0;2;0;0;0;5;520;5
0;0;2;0;0;1;5;520;5
0;0;1;0;0;1;5;520;5
0;0;2;0;0;0;5;520;5
0;0;0;0;0;0;5;520;5
0;0;0;0;0;1;5;520;5
1;0;0;0;0;0;5;520;5
1;0;0;0;0;0;5;520;5
1;0;0;0;0;0;5;520;5
1;0;0;0;0;0;5;520;5
0;0;0;0;0;0;5;520;5
0;0;0;0;0;1;5;520;5
1;0;0;0;0;0;5;520;5
0;0;0;0;0;1;5;520;5
0;0;0;0;0;0;5;520;5
0;0;0;0;0;0;5;520;5
1;0;0;0;0;0;5;520;5
0;0;0;0;0;0;5;520;5
0;0;0;0;0;1;5;520;5
1;0;0;0;0;0;5;520;5
0;0;0;0;0;0;5;520;5
0;0;0;0;0;0;5;520;5
0;0;0;0;0;0;5;520;5
0;0;1;0;0;0;5;520;5
0;0;0;0;0;0;5;520;5
0;0;1;0;0;0;5;520;5
0;0;0;0;0;0;5;520;5
0;0;0;0;0;0;5;520;5
0;0;0;0;0;0;5;520;5
0;0;0;0;0;0;5;520;5
0;0;1;0;0;0;5;520;5
0;0;1;0;0;0;5;520;5
1;0;0;0;0;0;5;520;5
0;0;1;0;0;1;5;520;5
1;0;0;0;0;0;5;520;5
0;0;1;0;0;0;5;520;5
1;0;0;0;0;0;5;520;5
0;0;1;0;0;0;5;520;5
0;0;0;0;0;0;5;520;5
0;0;0;0;0;0;5;520;5
0;0;0;0;0;0;5;520;5
0;0;1;0;0;1;5;520;5
0;0;0;0;0;0;5;520;5
0;0;0;1;0;1;5;520;5
0;0;1;0;0;0;5;520;5
0;0;0;1;0;1;5;520;5
0;0;2;0;0;0;5;520;5
0;0;0;0;0;1;5;520;5
0;0;0;0;0;0;5;520;5
0;0;0;0;0;0;5;520;5
0;0;0;0;0;1;5;520;5
0;0;2;0;0;0;5;520;5
0;0;0;0;0;0;5;520;5
0;0;1;0;0;0;5;520;5
1;0;0;0;0;0;5;520;5
0;0;1;0;0;0;5;520;5
0;0;0;0;0;0;5;520;5
0;0;1;0;0;0;5;520;5
0;0;0;0;0;0;5;520;5
0;0;0;0;0;0;5;520;5
0;0;0;0;0;1;5;520;5
1;0;0;0;0;0;5;520;5
0;0;0;0;0;0;5;520;5
1;0;2;0;0;0;5;520;5
3;0;0;0;0;2;5;520;5
0;0;0;0;0;0;5;520;5
0;0;0;0;0;0;5;520;5
0;0;0;0;0;0;5;520;5
0;0;1;0;0;0;5;520;5
0;0;0;0;0;0;5;520;5
0;0;0;0;0;0;5;520;5
0;0;0;0;0;0;5;520;5
2;0;0;0;0;0;5;520;5
0;0;1;0;0;0;5;520;5
2;0;0;0;0;2;5;520;5
0;0;1;0;0;0;5;520;5
0;0;0;0;0;0;5;520;5
2;0;0;0;0;0;5;520;5
0;0;1;0;0;0;5;520;5
0;0;1;0;0;0;5;520;5
1;0;0;0;0;0;5;520;5
0;0;0;0;0;0;5;520;5
1;0;0;0;0;0;5;520;5
0;0;0;0;0;0;5;520;5
0;0;0;0;0;0;5;520;5
0;0;0;0;0;0;5;520;5
1;0;0;0;0;0;5;520;5
0;0;0;0;0;0;5;520;5
0;0;0;0;0;0;5;520;5
0;0;0;0;0;2;5;520;5
0;0;0;0;0;0;5;520;5
0;0;1;0;0;0;5;520;5
0;0;0;0;0;0;0;1040;1
0;0;1;0;0;0;0;1040;1
0;0;2;0;0;0;0;1040;1
0;0;2;0;0;0;0;1040;1
0;0;0;0;0;0;0;1040;1
0;0;0;0;0;0;0;1040;1
0;0;0;0;0;0;0;1040;1
0;0;3;0;0;0;0;1040;1
0;0;1;0;0;0;0;1040;1
0;0;3;0;0;0;0;1040;1
0;0;1;0;0;0;0;1040;1
0;0;1;0;0;0;0;1040;1
0;0;1;0;0;0;0;1040;1
0;0;0;0;0;0;0;1040;1
3;0;0;0;0;0;0;1040;1
1;0;0;0;0;0;0;1040;1
0;0;0;0;0;0;0;1040;1
1;0;0;0;0;0;0;1040;1
1;0;0;0;0;0;0;1040;1
0;0;0;0;0;0;0;1040;1
0;0;0;0;0;0;0;1040;1
1;0;0;0;0;0;0;1040;1
0;0;1;0;0;0;0;1040;1
1;0;0;0;0;0;0;1040;1
1;0;0;0;0;0;0;1040;1
0;0;3;0;0;0;0;1040;1
0;0;0;0;0;0;0;1040;1
1;0;0;0;0;0;0;1040;1
0;0;1;0;0;0;0;1040;1
1;0;2;0;0;0;0;1040;1
0;0;0;0;0;0;0;1040;1
0;0;1;0;0;0;0;1040;1
0;0;0;0;0;0;0;1040;1
0;0;0;0;0;0;0;1040;1
0;0;0;0;0;0;5;1040;5
0;0;0;0;0;2;5;1040;5
0;0;0;0;0;1;5;1040;5
0;0;1;0;0;0;5;1040;5
0;0;0;0;0;0;5;1040;5
0;0;0;0;0;0;5;1040;5
0;0;0;0;0;0;5;1040;5
0;0;0;0;0;0;5;1040;5
0;0;0;0;0;0;5;1040;5
0;0;0;0;0;0;5;1040;5
0;0;1;0;0;1;5;1040;5
0;0;1;0;0;0;5;1040;5
0;0;0;0;0;0;5;1040;5
0;0;2;0;0;0;5;1040;5
1;0;0;0;0;1;5;1040;5
0;0;1;0;0;0;5;1040;5
0;0;0;0;0;0;5;1040;5
1;0;0;0;0;1;5;1040;5
0;0;0;0;0;1;5;1040;5
0;0;0;0;0;0;5;1040;5
0;0;0;0;0;0;5;1040;5
0;0;1;0;0;0;5;1040;5
1;0;0;0;0;0;5;1040;5
0;0;1;0;0;0;5;1040;5
0;0;0;0;0;0;5;1040;5
1;0;0;0;0;0;5;1040;5
0;0;2;0;0;1;5;1040;5
0;0;0;0;0;0;5;1040;5
0;0;0;0;0;0;5;1040;5
0;0;0;0;0;1;5;1040;5
0;0;1;0;0;0;5;1040;5
2;0;0;0;0;2;5;1040;5
0;0;0;0;0;0;5;1040;5
0;0;0;0;0;2;5;1040;5
0;0;1;0;0;0;0;1300;1
0;0;1;0;0;0;0;1300;1
0;0;0;0;0;0;0;1300;1
0;0;0;0;0;0;0;1300;1
0;0;0;0;0;0;0;1300;1
0;0;0;0;0;0;0;1300;1
0;0;0;0;0;0;0;1300;1
3;0;2;0;0;0;0;1300;1
1;0;2;0;0;0;0;1300;1
1;0;0;0;0;0;0;1300;1
0;0;1;0;0;0;0;1300;1
0;0;1;0;0;0;0;1300;1
0;0;0;0;0;0;0;1300;1
1;0;2;0;0;0;0;1300;1
0;0;0;0;0;0;0;1300;1
1;0;0;0;0;0;0;1300;1
1;0;0;0;0;0;0;1300;1
1;0;0;0;0;0;0;1300;1
0;0;0;0;0;0;0;1300;1
0;0;2;0;0;0;0;1300;1
3;0;3;0;0;0;0;1300;1
0;0;0;0;0;0;0;1300;1
1;0;0;0;0;0;0;1300;1
0;0;1;0;0;0;0;1300;1
1;0;0;0;0;0;0;1300;1
1;0;1;0;0;0;0;1300;1
1;0;0;0;0;0;0;1300;1
2;0;2;0;0;0;0;1300;1
0;0;1;0;0;0;0;1300;1
1;0;2;0;0;0;0;1300;1
0;0;1;0;0;0;0;1300;1
0;0;1;0;0;0;0;1300;1
0;0;0;0;0;0;0;1300;1
0;0;0;0;0;0;0;1300;1
0;0;1;0;0;0;5;1300;5
0;0;1;0;0;1;5;1300;5
2;0;0;0;0;0;5;1300;5
0;0;0;0;0;0;5;1300;5
0;0;0;1;0;0;5;1300;5
2;0;0;0;0;0;5;1300;5
0;0;2;0;0;2;5;1300;5
0;0;2;0;0;2;5;1300;5
0;0;3;0;0;0;5;1300;5
0;0;1;0;0;0;5;1300;5
1;0;0;0;0;0;5;1300;5
0;0;0;0;0;0;5;1300;5
3;0;0;2;0;2;5;1300;5
0;0;3;1;0;2;5;1300;5
1;0;0;0;0;0;5;1300;5
0;0;1;1;0;0;5;1300;5
0;0;0;0;0;0;5;1300;5
2;0;0;0;0;0;5;1300;5
0;0;0;0;0;0;5;1300;5
0;0;0;0;0;0;5;1300;5
0;0;0;0;0;0;5;1300;5
0;0;0;0;0;0;5;1300;5
0;0;0;0;0;0;5;1300;5
3;0;0;0;0;0;5;1300;5
1;0;1;0;0;0;5;1300;5
1;0;2;0;0;0;5;1300;5
0;0;0;0;0;0;5;1300;5
0;0;0;0;0;0;5;1300;5
1;0;2;0;0;0;5;1300;5
0;0;0;0;0;0;5;1300;5
1;0;2;0;0;2;5;1300;5
0;0;0;0;0;0;5;1300;5
0;0;1;0;0;0;5;1300;5
0;0;0;0;0;0;5;1300;5