ISIN,Date,Price,PricePredicted,Model
AT0000999982,2023-09-11,3149.33,3145.09,arima
AT0000999982,2023-09-12,3164.3,3146.48,arima
AT0000999982,2023-09-13,3145.71,3147.88,arima
AT0000999982,2023-09-14,3189.45,3149.27,arima
AT0000999982,2023-09-15,3182.55,3150.67,arima
AT0000999982,2023-09-18,3161.84,3152.07,arima
AT0000999982,2023-09-19,3177.7,3153.47,arima
AT0000999982,2023-09-20,3211.99,3154.87,arima
AT0000999982,2023-09-21,3162.76,3156.27,arima
AT0000999982,2023-09-22,3158.91,3157.67,arima
AT0000743059,2023-09-11,45.24,45.32,arima
AT0000743059,2023-09-12,45.45,45.34,arima
AT0000743059,2023-09-13,44.78,45.35,arima
AT0000743059,2023-09-14,45.25,45.37,arima
AT0000743059,2023-09-15,45.22,45.38,arima
AT0000743059,2023-09-18,45.42,45.4,arima
AT0000743059,2023-09-19,45.94,45.41,arima
AT0000743059,2023-09-20,45.81,45.42,arima
AT0000743059,2023-09-21,45.45,45.44,arima
AT0000743059,2023-09-22,45.2,45.45,arima
AT0000937503,2023-09-11,27.14,26.89,arima
AT0000937503,2023-09-12,26.84,26.92,arima
AT0000937503,2023-09-13,26.46,26.96,arima
AT0000937503,2023-09-14,27.04,26.99,arima
AT0000937503,2023-09-15,26.96,27.02,arima
AT0000937503,2023-09-18,26.5,27.05,arima
AT0000937503,2023-09-19,26.38,27.08,arima
AT0000937503,2023-09-20,26.94,27.12,arima
AT0000937503,2023-09-21,26.2,27.15,arima
AT0000937503,2023-09-22,26.12,27.18,arima
AT0000652011,2023-09-11,32.19,32.13,arima
AT0000652011,2023-09-12,32.55,32.18,arima
AT0000652011,2023-09-13,32.69,32.23,arima
AT0000652011,2023-09-14,33.24,32.28,arima
AT0000652011,2023-09-15,32.92,32.33,arima
AT0000652011,2023-09-18,32.6,32.38,arima
AT0000652011,2023-09-19,32.9,32.44,arima
AT0000652011,2023-09-20,33.04,32.49,arima
AT0000652011,2023-09-21,32.42,32.54,arima
AT0000652011,2023-09-22,32.46,32.59,arima
AT0000746409,2023-09-11,75.3,75.29,arima
AT0000746409,2023-09-12,76.05,75.24,arima
AT0000746409,2023-09-13,76.0,75.2,arima
AT0000746409,2023-09-14,79.55,75.16,arima
AT0000746409,2023-09-15,80.8,75.11,arima
AT0000746409,2023-09-18,80.25,75.07,arima
AT0000746409,2023-09-19,80.4,75.02,arima
AT0000746409,2023-09-20,83.45,74.98,arima
AT0000746409,2023-09-21,80.9,74.94,arima
AT0000746409,2023-09-22,79.2,74.89,arima
AT0000922554,2023-09-11,30.8,31.39,arima
AT0000922554,2023-09-12,30.6,31.37,arima
AT0000922554,2023-09-13,30.5,31.36,arima
AT0000922554,2023-09-14,31.0,31.35,arima
AT0000922554,2023-09-15,31.2,31.34,arima
AT0000922554,2023-09-18,30.5,31.32,arima
AT0000922554,2023-09-19,30.3,31.31,arima
AT0000922554,2023-09-20,31.2,31.3,arima
AT0000922554,2023-09-21,31.5,31.28,arima
AT0000922554,2023-09-22,30.6,31.27,arima
AT00000VIE62,2023-09-11,46.3,47.19,arima
AT00000VIE62,2023-09-12,46.45,47.25,arima
AT00000VIE62,2023-09-13,46.15,47.32,arima
AT00000VIE62,2023-09-14,46.15,47.38,arima
AT00000VIE62,2023-09-15,47.45,47.44,arima
AT00000VIE62,2023-09-18,47.7,47.51,arima
AT00000VIE62,2023-09-19,46.8,47.57,arima
AT00000VIE62,2023-09-20,46.3,47.64,arima
AT00000VIE62,2023-09-21,46.45,47.7,arima
AT00000VIE62,2023-09-22,46.8,47.76,arima
AT0000741053,2023-09-11,23.25,23.07,arima
AT0000741053,2023-09-12,23.35,23.08,arima
AT0000741053,2023-09-13,23.4,23.1,arima
AT0000741053,2023-09-14,23.7,23.12,arima
AT0000741053,2023-09-15,24.3,23.14,arima
AT0000741053,2023-09-18,24.0,23.15,arima
AT0000741053,2023-09-19,24.3,23.17,arima
AT0000741053,2023-09-20,24.7,23.19,arima
AT0000741053,2023-09-21,24.7,23.21,arima
AT0000741053,2023-09-22,24.75,23.22,arima
AT0000785555,2023-09-11,20.2,22.38,arima
AT0000785555,2023-09-12,19.68,22.43,arima
AT0000785555,2023-09-13,19.22,22.43,arima
AT0000785555,2023-09-14,19.7,22.45,arima
AT0000785555,2023-09-15,19.1,22.46,arima
AT0000785555,2023-09-18,18.56,22.48,arima
AT0000785555,2023-09-19,17.98,22.49,arima
AT0000785555,2023-09-20,17.66,22.5,arima
AT0000785555,2023-09-21,16.7,22.52,arima
AT0000785555,2023-09-22,16.78,22.53,arima
AT0000831706,2023-09-11,24.5,24.47,arima
AT0000831706,2023-09-12,24.52,24.48,arima
AT0000831706,2023-09-13,24.32,24.5,arima
AT0000831706,2023-09-14,24.44,24.51,arima
AT0000831706,2023-09-15,24.72,24.52,arima
AT0000831706,2023-09-18,24.42,24.53,arima
AT0000831706,2023-09-19,24.26,24.55,arima
AT0000831706,2023-09-20,24.4,24.56,arima
AT0000831706,2023-09-21,24.02,24.57,arima
AT0000831706,2023-09-22,23.84,24.59,arima
AT0000644505,2023-09-11,41.3,40.59,arima
AT0000644505,2023-09-12,40.8,40.53,arima
AT0000644505,2023-09-13,40.8,40.47,arima
AT0000644505,2023-09-14,41.9,40.41,arima
AT0000644505,2023-09-15,38.8,40.36,arima
AT0000644505,2023-09-18,38.15,40.3,arima
AT0000644505,2023-09-19,38.75,40.24,arima
AT0000644505,2023-09-20,39.85,40.18,arima
AT0000644505,2023-09-21,38.75,40.12,arima
AT0000644505,2023-09-22,38.65,40.06,arima
AT0000758305,2023-09-11,24.0,23.96,arima
AT0000758305,2023-09-12,24.0,23.95,arima
AT0000758305,2023-09-13,23.95,23.95,arima
AT0000758305,2023-09-14,24.05,23.95,arima
AT0000758305,2023-09-15,24.0,23.94,arima
AT0000758305,2023-09-18,23.85,23.94,arima
AT0000758305,2023-09-19,23.1,23.94,arima
AT0000758305,2023-09-20,23.2,23.93,arima
AT0000758305,2023-09-21,22.75,23.93,arima
AT0000758305,2023-09-22,22.7,23.93,arima
AT0000938204,2023-09-11,129.2,130.35,arima
AT0000938204,2023-09-12,130.0,130.29,arima
AT0000938204,2023-09-13,128.4,130.24,arima
AT0000938204,2023-09-14,128.2,130.19,arima
AT0000938204,2023-09-15,130.0,130.13,arima
AT0000938204,2023-09-18,129.8,130.08,arima
AT0000938204,2023-09-19,127.6,130.03,arima
AT0000938204,2023-09-20,128.0,129.98,arima
AT0000938204,2023-09-21,128.6,129.92,arima
AT0000938204,2023-09-22,128.0,129.87,arima
AT0000908504,2023-09-11,25.65,25.36,arima
AT0000908504,2023-09-12,25.9,25.36,arima
AT0000908504,2023-09-13,25.8,25.37,arima
AT0000908504,2023-09-14,25.65,25.37,arima
AT0000908504,2023-09-15,25.8,25.38,arima
AT0000908504,2023-09-18,26.05,25.39,arima
AT0000908504,2023-09-19,26.0,25.39,arima
AT0000908504,2023-09-20,26.0,25.4,arima
AT0000908504,2023-09-21,25.85,25.4,arima
AT0000908504,2023-09-22,26.05,25.41,arima
AT0000A21KS2,2023-09-11,17.92,17.81,arima
AT0000A21KS2,2023-09-12,17.96,17.78,arima
AT0000A21KS2,2023-09-13,18.04,17.75,arima
AT0000A21KS2,2023-09-14,18.3,17.74,arima
AT0000A21KS2,2023-09-15,18.2,17.75,arima
AT0000A21KS2,2023-09-18,18.18,17.76,arima
AT0000A21KS2,2023-09-19,18.18,17.77,arima
AT0000A21KS2,2023-09-20,18.2,17.78,arima
AT0000A21KS2,2023-09-21,18.18,17.79,arima
AT0000A21KS2,2023-09-22,18.2,17.8,arima
AT0000641352,2023-09-11,30.45,30.47,arima
AT0000641352,2023-09-12,30.35,30.47,arima
AT0000641352,2023-09-13,30.4,30.47,arima
AT0000641352,2023-09-14,30.6,30.47,arima
AT0000641352,2023-09-15,30.45,30.46,arima
AT0000641352,2023-09-18,30.3,30.46,arima
AT0000641352,2023-09-19,30.45,30.46,arima
AT0000641352,2023-09-20,30.8,30.45,arima
AT0000641352,2023-09-21,30.7,30.45,arima
AT0000641352,2023-09-22,30.85,30.45,arima
AT0000821103,2023-09-11,7.55,7.51,arima
AT0000821103,2023-09-12,7.57,7.51,arima
AT0000821103,2023-09-13,7.59,7.52,arima
AT0000821103,2023-09-14,7.55,7.52,arima
AT0000821103,2023-09-15,7.52,7.52,arima
AT0000821103,2023-09-18,7.51,7.53,arima
AT0000821103,2023-09-19,7.51,7.53,arima
AT0000821103,2023-09-20,7.54,7.53,arima
AT0000821103,2023-09-21,7.54,7.54,arima
AT0000821103,2023-09-22,7.57,7.54,arima
AT0000999982,2023-09-11,3149.33,3143.94,exponential_smoothing
AT0000999982,2023-09-12,3164.3,3144.18,exponential_smoothing
AT0000999982,2023-09-13,3145.71,3144.41,exponential_smoothing
AT0000999982,2023-09-14,3189.45,3144.64,exponential_smoothing
AT0000999982,2023-09-15,3182.55,3144.86,exponential_smoothing
AT0000999982,2023-09-18,3161.84,3145.08,exponential_smoothing
AT0000999982,2023-09-19,3177.7,3145.28,exponential_smoothing
AT0000999982,2023-09-20,3211.99,3145.48,exponential_smoothing
AT0000999982,2023-09-21,3162.76,3145.68,exponential_smoothing
AT0000999982,2023-09-22,3158.91,3145.86,exponential_smoothing
AT0000743059,2023-09-11,45.24,45.33,exponential_smoothing
AT0000743059,2023-09-12,45.45,45.34,exponential_smoothing
AT0000743059,2023-09-13,44.78,45.36,exponential_smoothing
AT0000743059,2023-09-14,45.25,45.37,exponential_smoothing
AT0000743059,2023-09-15,45.22,45.39,exponential_smoothing
AT0000743059,2023-09-18,45.42,45.4,exponential_smoothing
AT0000743059,2023-09-19,45.94,45.42,exponential_smoothing
AT0000743059,2023-09-20,45.81,45.43,exponential_smoothing
AT0000743059,2023-09-21,45.45,45.45,exponential_smoothing
AT0000743059,2023-09-22,45.2,45.47,exponential_smoothing
AT0000937503,2023-09-11,27.14,26.83,exponential_smoothing
AT0000937503,2023-09-12,26.84,26.8,exponential_smoothing
AT0000937503,2023-09-13,26.46,26.76,exponential_smoothing
AT0000937503,2023-09-14,27.04,26.73,exponential_smoothing
AT0000937503,2023-09-15,26.96,26.7,exponential_smoothing
AT0000937503,2023-09-18,26.5,26.67,exponential_smoothing
AT0000937503,2023-09-19,26.38,26.63,exponential_smoothing
AT0000937503,2023-09-20,26.94,26.6,exponential_smoothing
AT0000937503,2023-09-21,26.2,26.57,exponential_smoothing
AT0000937503,2023-09-22,26.12,26.53,exponential_smoothing
AT0000652011,2023-09-11,32.19,32.1,exponential_smoothing
AT0000652011,2023-09-12,32.55,32.11,exponential_smoothing
AT0000652011,2023-09-13,32.69,32.12,exponential_smoothing
AT0000652011,2023-09-14,33.24,32.14,exponential_smoothing
AT0000652011,2023-09-15,32.92,32.15,exponential_smoothing
AT0000652011,2023-09-18,32.6,32.17,exponential_smoothing
AT0000652011,2023-09-19,32.9,32.18,exponential_smoothing
AT0000652011,2023-09-20,33.04,32.2,exponential_smoothing
AT0000652011,2023-09-21,32.42,32.21,exponential_smoothing
AT0000652011,2023-09-22,32.46,32.22,exponential_smoothing
AT0000746409,2023-09-11,75.3,75.23,exponential_smoothing
AT0000746409,2023-09-12,76.05,75.21,exponential_smoothing
AT0000746409,2023-09-13,76.0,75.19,exponential_smoothing
AT0000746409,2023-09-14,79.55,75.17,exponential_smoothing
AT0000746409,2023-09-15,80.8,75.15,exponential_smoothing
AT0000746409,2023-09-18,80.25,75.13,exponential_smoothing
AT0000746409,2023-09-19,80.4,75.12,exponential_smoothing
AT0000746409,2023-09-20,83.45,75.1,exponential_smoothing
AT0000746409,2023-09-21,80.9,75.08,exponential_smoothing
AT0000746409,2023-09-22,79.2,75.06,exponential_smoothing
AT0000922554,2023-09-11,30.8,31.4,exponential_smoothing
AT0000922554,2023-09-12,30.6,31.39,exponential_smoothing
AT0000922554,2023-09-13,30.5,31.39,exponential_smoothing
AT0000922554,2023-09-14,31.0,31.39,exponential_smoothing
AT0000922554,2023-09-15,31.2,31.38,exponential_smoothing
AT0000922554,2023-09-18,30.5,31.38,exponential_smoothing
AT0000922554,2023-09-19,30.3,31.38,exponential_smoothing
AT0000922554,2023-09-20,31.2,31.38,exponential_smoothing
AT0000922554,2023-09-21,31.5,31.37,exponential_smoothing
AT0000922554,2023-09-22,30.6,31.37,exponential_smoothing
AT00000VIE62,2023-09-11,46.3,46.98,exponential_smoothing
AT00000VIE62,2023-09-12,46.45,47.06,exponential_smoothing
AT00000VIE62,2023-09-13,46.15,47.15,exponential_smoothing
AT00000VIE62,2023-09-14,46.15,47.23,exponential_smoothing
AT00000VIE62,2023-09-15,47.45,47.31,exponential_smoothing
AT00000VIE62,2023-09-18,47.7,47.39,exponential_smoothing
AT00000VIE62,2023-09-19,46.8,47.48,exponential_smoothing
AT00000VIE62,2023-09-20,46.3,47.56,exponential_smoothing
AT00000VIE62,2023-09-21,46.45,47.65,exponential_smoothing
AT00000VIE62,2023-09-22,46.8,47.73,exponential_smoothing
AT0000741053,2023-09-11,23.25,23.08,exponential_smoothing
AT0000741053,2023-09-12,23.35,23.12,exponential_smoothing
AT0000741053,2023-09-13,23.4,23.15,exponential_smoothing
AT0000741053,2023-09-14,23.7,23.19,exponential_smoothing
AT0000741053,2023-09-15,24.3,23.23,exponential_smoothing
AT0000741053,2023-09-18,24.0,23.26,exponential_smoothing
AT0000741053,2023-09-19,24.3,23.3,exponential_smoothing
AT0000741053,2023-09-20,24.7,23.33,exponential_smoothing
AT0000741053,2023-09-21,24.7,23.37,exponential_smoothing
AT0000741053,2023-09-22,24.75,23.4,exponential_smoothing
AT0000785555,2023-09-11,20.2,22.56,exponential_smoothing
AT0000785555,2023-09-12,19.68,22.58,exponential_smoothing
AT0000785555,2023-09-13,19.22,22.59,exponential_smoothing
AT0000785555,2023-09-14,19.7,22.61,exponential_smoothing
AT0000785555,2023-09-15,19.1,22.62,exponential_smoothing
AT0000785555,2023-09-18,18.56,22.64,exponential_smoothing
AT0000785555,2023-09-19,17.98,22.65,exponential_smoothing
AT0000785555,2023-09-20,17.66,22.66,exponential_smoothing
AT0000785555,2023-09-21,16.7,22.68,exponential_smoothing
AT0000785555,2023-09-22,16.78,22.69,exponential_smoothing
AT0000831706,2023-09-11,24.5,24.45,exponential_smoothing
AT0000831706,2023-09-12,24.52,24.45,exponential_smoothing
AT0000831706,2023-09-13,24.32,24.44,exponential_smoothing
AT0000831706,2023-09-14,24.44,24.44,exponential_smoothing
AT0000831706,2023-09-15,24.72,24.43,exponential_smoothing
AT0000831706,2023-09-18,24.42,24.42,exponential_smoothing
AT0000831706,2023-09-19,24.26,24.42,exponential_smoothing
AT0000831706,2023-09-20,24.4,24.41,exponential_smoothing
AT0000831706,2023-09-21,24.02,24.4,exponential_smoothing
AT0000831706,2023-09-22,23.84,24.4,exponential_smoothing
AT0000644505,2023-09-11,41.3,40.6,exponential_smoothing
AT0000644505,2023-09-12,40.8,40.55,exponential_smoothing
AT0000644505,2023-09-13,40.8,40.51,exponential_smoothing
AT0000644505,2023-09-14,41.9,40.46,exponential_smoothing
AT0000644505,2023-09-15,38.8,40.41,exponential_smoothing
AT0000644505,2023-09-18,38.15,40.36,exponential_smoothing
AT0000644505,2023-09-19,38.75,40.31,exponential_smoothing
AT0000644505,2023-09-20,39.85,40.27,exponential_smoothing
AT0000644505,2023-09-21,38.75,40.22,exponential_smoothing
AT0000644505,2023-09-22,38.65,40.17,exponential_smoothing
AT0000758305,2023-09-11,24.0,23.94,exponential_smoothing
AT0000758305,2023-09-12,24.0,23.93,exponential_smoothing
AT0000758305,2023-09-13,23.95,23.92,exponential_smoothing
AT0000758305,2023-09-14,24.05,23.92,exponential_smoothing
AT0000758305,2023-09-15,24.0,23.91,exponential_smoothing
AT0000758305,2023-09-18,23.85,23.9,exponential_smoothing
AT0000758305,2023-09-19,23.1,23.89,exponential_smoothing
AT0000758305,2023-09-20,23.2,23.88,exponential_smoothing
AT0000758305,2023-09-21,22.75,23.87,exponential_smoothing
AT0000758305,2023-09-22,22.7,23.86,exponential_smoothing
AT0000938204,2023-09-11,129.2,130.3,exponential_smoothing
AT0000938204,2023-09-12,130.0,130.19,exponential_smoothing
AT0000938204,2023-09-13,128.4,130.08,exponential_smoothing
AT0000938204,2023-09-14,128.2,129.98,exponential_smoothing
AT0000938204,2023-09-15,130.0,129.87,exponential_smoothing
AT0000938204,2023-09-18,129.8,129.76,exponential_smoothing
AT0000938204,2023-09-19,127.6,129.66,exponential_smoothing
AT0000938204,2023-09-20,128.0,129.55,exponential_smoothing
AT0000938204,2023-09-21,128.6,129.44,exponential_smoothing
AT0000938204,2023-09-22,128.0,129.33,exponential_smoothing
AT0000908504,2023-09-11,25.65,25.36,exponential_smoothing
AT0000908504,2023-09-12,25.9,25.37,exponential_smoothing
AT0000908504,2023-09-13,25.8,25.39,exponential_smoothing
AT0000908504,2023-09-14,25.65,25.4,exponential_smoothing
AT0000908504,2023-09-15,25.8,25.41,exponential_smoothing
AT0000908504,2023-09-18,26.05,25.42,exponential_smoothing
AT0000908504,2023-09-19,26.0,25.43,exponential_smoothing
AT0000908504,2023-09-20,26.0,25.45,exponential_smoothing
AT0000908504,2023-09-21,25.85,25.46,exponential_smoothing
AT0000908504,2023-09-22,26.05,25.47,exponential_smoothing
AT0000A21KS2,2023-09-11,17.92,17.87,exponential_smoothing
AT0000A21KS2,2023-09-12,17.96,17.92,exponential_smoothing
AT0000A21KS2,2023-09-13,18.04,17.97,exponential_smoothing
AT0000A21KS2,2023-09-14,18.3,18.02,exponential_smoothing
AT0000A21KS2,2023-09-15,18.2,18.07,exponential_smoothing
AT0000A21KS2,2023-09-18,18.18,18.13,exponential_smoothing
AT0000A21KS2,2023-09-19,18.18,18.18,exponential_smoothing
AT0000A21KS2,2023-09-20,18.2,18.23,exponential_smoothing
AT0000A21KS2,2023-09-21,18.18,18.28,exponential_smoothing
AT0000A21KS2,2023-09-22,18.2,18.34,exponential_smoothing
AT0000641352,2023-09-11,30.45,30.47,exponential_smoothing
AT0000641352,2023-09-12,30.35,30.49,exponential_smoothing
AT0000641352,2023-09-13,30.4,30.51,exponential_smoothing
AT0000641352,2023-09-14,30.6,30.53,exponential_smoothing
AT0000641352,2023-09-15,30.45,30.55,exponential_smoothing
AT0000641352,2023-09-18,30.3,30.57,exponential_smoothing
AT0000641352,2023-09-19,30.45,30.59,exponential_smoothing
AT0000641352,2023-09-20,30.8,30.61,exponential_smoothing
AT0000641352,2023-09-21,30.7,30.63,exponential_smoothing
AT0000641352,2023-09-22,30.85,30.65,exponential_smoothing
AT0000821103,2023-09-11,7.55,7.51,exponential_smoothing
AT0000821103,2023-09-12,7.57,7.52,exponential_smoothing
AT0000821103,2023-09-13,7.59,7.52,exponential_smoothing
AT0000821103,2023-09-14,7.55,7.53,exponential_smoothing
AT0000821103,2023-09-15,7.52,7.54,exponential_smoothing
AT0000821103,2023-09-18,7.51,7.55,exponential_smoothing
AT0000821103,2023-09-19,7.51,7.55,exponential_smoothing
AT0000821103,2023-09-20,7.54,7.56,exponential_smoothing
AT0000821103,2023-09-21,7.54,7.57,exponential_smoothing
AT0000821103,2023-09-22,7.57,7.58,exponential_smoothing
AT0000999982,2023-09-11,3149.33,3143.46,LGBMRegressor
AT0000999982,2023-09-12,3164.3,3134.58,LGBMRegressor
AT0000999982,2023-09-13,3145.71,3126.66,LGBMRegressor
AT0000999982,2023-09-14,3189.45,3126.09,LGBMRegressor
AT0000999982,2023-09-15,3182.55,3128.22,LGBMRegressor
AT0000999982,2023-09-18,3161.84,3136.98,LGBMRegressor
AT0000999982,2023-09-19,3177.7,3150.6,LGBMRegressor
AT0000999982,2023-09-20,3211.99,3154.6,LGBMRegressor
AT0000999982,2023-09-21,3162.76,3162.89,LGBMRegressor
AT0000999982,2023-09-22,3158.91,3171.95,LGBMRegressor
AT0000743059,2023-09-11,45.24,45.36,LGBMRegressor
AT0000743059,2023-09-12,45.45,45.45,LGBMRegressor
AT0000743059,2023-09-13,44.78,45.51,LGBMRegressor
AT0000743059,2023-09-14,45.25,45.57,LGBMRegressor
AT0000743059,2023-09-15,45.22,45.65,LGBMRegressor
AT0000743059,2023-09-18,45.42,45.82,LGBMRegressor
AT0000743059,2023-09-19,45.94,46.11,LGBMRegressor
AT0000743059,2023-09-20,45.81,46.22,LGBMRegressor
AT0000743059,2023-09-21,45.45,46.32,LGBMRegressor
AT0000743059,2023-09-22,45.2,46.45,LGBMRegressor
AT0000937503,2023-09-11,27.14,26.82,LGBMRegressor
AT0000937503,2023-09-12,26.84,26.78,LGBMRegressor
AT0000937503,2023-09-13,26.46,26.92,LGBMRegressor
AT0000937503,2023-09-14,27.04,26.9,LGBMRegressor
AT0000937503,2023-09-15,26.96,26.89,LGBMRegressor
AT0000937503,2023-09-18,26.5,26.94,LGBMRegressor
AT0000937503,2023-09-19,26.38,27.13,LGBMRegressor
AT0000937503,2023-09-20,26.94,27.25,LGBMRegressor
AT0000937503,2023-09-21,26.2,27.35,LGBMRegressor
AT0000937503,2023-09-22,26.12,27.4,LGBMRegressor
AT0000652011,2023-09-11,32.19,32.11,LGBMRegressor
AT0000652011,2023-09-12,32.55,32.17,LGBMRegressor
AT0000652011,2023-09-13,32.69,32.17,LGBMRegressor
AT0000652011,2023-09-14,33.24,32.31,LGBMRegressor
AT0000652011,2023-09-15,32.92,32.19,LGBMRegressor
AT0000652011,2023-09-18,32.6,32.2,LGBMRegressor
AT0000652011,2023-09-19,32.9,32.22,LGBMRegressor
AT0000652011,2023-09-20,33.04,32.31,LGBMRegressor
AT0000652011,2023-09-21,32.42,32.36,LGBMRegressor
AT0000652011,2023-09-22,32.46,32.45,LGBMRegressor
AT0000746409,2023-09-11,75.3,75.2,LGBMRegressor
AT0000746409,2023-09-12,76.05,75.15,LGBMRegressor
AT0000746409,2023-09-13,76.0,75.32,LGBMRegressor
AT0000746409,2023-09-14,79.55,75.43,LGBMRegressor
AT0000746409,2023-09-15,80.8,75.58,LGBMRegressor
AT0000746409,2023-09-18,80.25,75.67,LGBMRegressor
AT0000746409,2023-09-19,80.4,75.83,LGBMRegressor
AT0000746409,2023-09-20,83.45,76.04,LGBMRegressor
AT0000746409,2023-09-21,80.9,76.31,LGBMRegressor
AT0000746409,2023-09-22,79.2,76.53,LGBMRegressor
AT0000922554,2023-09-11,30.8,31.8,LGBMRegressor
AT0000922554,2023-09-12,30.6,31.8,LGBMRegressor
AT0000922554,2023-09-13,30.5,31.82,LGBMRegressor
AT0000922554,2023-09-14,31.0,31.85,LGBMRegressor
AT0000922554,2023-09-15,31.2,31.93,LGBMRegressor
AT0000922554,2023-09-18,30.5,32.0,LGBMRegressor
AT0000922554,2023-09-19,30.3,32.1,LGBMRegressor
AT0000922554,2023-09-20,31.2,32.17,LGBMRegressor
AT0000922554,2023-09-21,31.5,32.34,LGBMRegressor
AT0000922554,2023-09-22,30.6,32.3,LGBMRegressor
AT00000VIE62,2023-09-11,46.3,47.03,LGBMRegressor
AT00000VIE62,2023-09-12,46.45,47.15,LGBMRegressor
AT00000VIE62,2023-09-13,46.15,47.31,LGBMRegressor
AT00000VIE62,2023-09-14,46.15,47.45,LGBMRegressor
AT00000VIE62,2023-09-15,47.45,47.9,LGBMRegressor
AT00000VIE62,2023-09-18,47.7,47.93,LGBMRegressor
AT00000VIE62,2023-09-19,46.8,48.05,LGBMRegressor
AT00000VIE62,2023-09-20,46.3,48.14,LGBMRegressor
AT00000VIE62,2023-09-21,46.45,48.23,LGBMRegressor
AT00000VIE62,2023-09-22,46.8,48.43,LGBMRegressor
AT0000741053,2023-09-11,23.25,23.09,LGBMRegressor
AT0000741053,2023-09-12,23.35,23.15,LGBMRegressor
AT0000741053,2023-09-13,23.4,23.19,LGBMRegressor
AT0000741053,2023-09-14,23.7,23.18,LGBMRegressor
AT0000741053,2023-09-15,24.3,23.23,LGBMRegressor
AT0000741053,2023-09-18,24.0,23.21,LGBMRegressor
AT0000741053,2023-09-19,24.3,23.28,LGBMRegressor
AT0000741053,2023-09-20,24.7,23.36,LGBMRegressor
AT0000741053,2023-09-21,24.7,23.43,LGBMRegressor
AT0000741053,2023-09-22,24.75,23.51,LGBMRegressor
AT0000785555,2023-09-11,20.2,22.59,LGBMRegressor
AT0000785555,2023-09-12,19.68,22.65,LGBMRegressor
AT0000785555,2023-09-13,19.22,22.49,LGBMRegressor
AT0000785555,2023-09-14,19.7,22.73,LGBMRegressor
AT0000785555,2023-09-15,19.1,22.76,LGBMRegressor
AT0000785555,2023-09-18,18.56,22.94,LGBMRegressor
AT0000785555,2023-09-19,17.98,22.96,LGBMRegressor
AT0000785555,2023-09-20,17.66,23.01,LGBMRegressor
AT0000785555,2023-09-21,16.7,23.1,LGBMRegressor
AT0000785555,2023-09-22,16.78,23.12,LGBMRegressor
AT0000831706,2023-09-11,24.5,24.4,LGBMRegressor
AT0000831706,2023-09-12,24.52,24.35,LGBMRegressor
AT0000831706,2023-09-13,24.32,24.3,LGBMRegressor
AT0000831706,2023-09-14,24.44,24.22,LGBMRegressor
AT0000831706,2023-09-15,24.72,24.21,LGBMRegressor
AT0000831706,2023-09-18,24.42,24.27,LGBMRegressor
AT0000831706,2023-09-19,24.26,24.35,LGBMRegressor
AT0000831706,2023-09-20,24.4,24.43,LGBMRegressor
AT0000831706,2023-09-21,24.02,24.53,LGBMRegressor
AT0000831706,2023-09-22,23.84,24.61,LGBMRegressor
AT0000644505,2023-09-11,41.3,40.52,LGBMRegressor
AT0000644505,2023-09-12,40.8,40.48,LGBMRegressor
AT0000644505,2023-09-13,40.8,40.67,LGBMRegressor
AT0000644505,2023-09-14,41.9,40.41,LGBMRegressor
AT0000644505,2023-09-15,38.8,40.37,LGBMRegressor
AT0000644505,2023-09-18,38.15,40.36,LGBMRegressor
AT0000644505,2023-09-19,38.75,40.37,LGBMRegressor
AT0000644505,2023-09-20,39.85,40.34,LGBMRegressor
AT0000644505,2023-09-21,38.75,40.23,LGBMRegressor
AT0000644505,2023-09-22,38.65,40.26,LGBMRegressor
AT0000758305,2023-09-11,24.0,23.97,LGBMRegressor
AT0000758305,2023-09-12,24.0,23.97,LGBMRegressor
AT0000758305,2023-09-13,23.95,23.95,LGBMRegressor
AT0000758305,2023-09-14,24.05,23.95,LGBMRegressor
AT0000758305,2023-09-15,24.0,24.01,LGBMRegressor
AT0000758305,2023-09-18,23.85,24.09,LGBMRegressor
AT0000758305,2023-09-19,23.1,24.17,LGBMRegressor
AT0000758305,2023-09-20,23.2,24.17,LGBMRegressor
AT0000758305,2023-09-21,22.75,24.31,LGBMRegressor
AT0000758305,2023-09-22,22.7,24.29,LGBMRegressor
AT0000938204,2023-09-11,129.2,130.34,LGBMRegressor
AT0000938204,2023-09-12,130.0,130.38,LGBMRegressor
AT0000938204,2023-09-13,128.4,130.74,LGBMRegressor
AT0000938204,2023-09-14,128.2,130.48,LGBMRegressor
AT0000938204,2023-09-15,130.0,130.63,LGBMRegressor
AT0000938204,2023-09-18,129.8,130.94,LGBMRegressor
AT0000938204,2023-09-19,127.6,131.34,LGBMRegressor
AT0000938204,2023-09-20,128.0,130.58,LGBMRegressor
AT0000938204,2023-09-21,128.6,131.18,LGBMRegressor
AT0000938204,2023-09-22,128.0,131.53,LGBMRegressor
AT0000908504,2023-09-11,25.65,25.37,LGBMRegressor
AT0000908504,2023-09-12,25.9,25.43,LGBMRegressor
AT0000908504,2023-09-13,25.8,25.45,LGBMRegressor
AT0000908504,2023-09-14,25.65,25.55,LGBMRegressor
AT0000908504,2023-09-15,25.8,25.66,LGBMRegressor
AT0000908504,2023-09-18,26.05,25.74,LGBMRegressor
AT0000908504,2023-09-19,26.0,25.72,LGBMRegressor
AT0000908504,2023-09-20,26.0,25.79,LGBMRegressor
AT0000908504,2023-09-21,25.85,25.79,LGBMRegressor
AT0000908504,2023-09-22,26.05,25.81,LGBMRegressor
AT0000A21KS2,2023-09-11,17.92,17.83,LGBMRegressor
AT0000A21KS2,2023-09-12,17.96,17.89,LGBMRegressor
AT0000A21KS2,2023-09-13,18.04,17.94,LGBMRegressor
AT0000A21KS2,2023-09-14,18.3,18.02,LGBMRegressor
AT0000A21KS2,2023-09-15,18.2,18.06,LGBMRegressor
AT0000A21KS2,2023-09-18,18.18,18.14,LGBMRegressor
AT0000A21KS2,2023-09-19,18.18,18.13,LGBMRegressor
AT0000A21KS2,2023-09-20,18.2,18.12,LGBMRegressor
AT0000A21KS2,2023-09-21,18.18,18.1,LGBMRegressor
AT0000A21KS2,2023-09-22,18.2,18.1,LGBMRegressor
AT0000641352,2023-09-11,30.45,30.52,LGBMRegressor
AT0000641352,2023-09-12,30.35,30.58,LGBMRegressor
AT0000641352,2023-09-13,30.4,30.66,LGBMRegressor
AT0000641352,2023-09-14,30.6,30.78,LGBMRegressor
AT0000641352,2023-09-15,30.45,30.85,LGBMRegressor
AT0000641352,2023-09-18,30.3,30.87,LGBMRegressor
AT0000641352,2023-09-19,30.45,30.87,LGBMRegressor
AT0000641352,2023-09-20,30.8,30.88,LGBMRegressor
AT0000641352,2023-09-21,30.7,30.88,LGBMRegressor
AT0000641352,2023-09-22,30.85,30.96,LGBMRegressor
AT0000821103,2023-09-11,7.55,7.52,LGBMRegressor
AT0000821103,2023-09-12,7.57,7.55,LGBMRegressor
AT0000821103,2023-09-13,7.59,7.56,LGBMRegressor
AT0000821103,2023-09-14,7.55,7.56,LGBMRegressor
AT0000821103,2023-09-15,7.52,7.55,LGBMRegressor
AT0000821103,2023-09-18,7.51,7.55,LGBMRegressor
AT0000821103,2023-09-19,7.51,7.56,LGBMRegressor
AT0000821103,2023-09-20,7.54,7.59,LGBMRegressor
AT0000821103,2023-09-21,7.54,7.61,LGBMRegressor
AT0000821103,2023-09-22,7.57,7.64,LGBMRegressor
AT0000999982,2023-09-11,3149.33,3110.98,lstm
AT0000999982,2023-09-12,3164.3,3097.59,lstm
AT0000999982,2023-09-13,3145.71,3080.0,lstm
AT0000999982,2023-09-14,3189.45,3039.95,lstm
AT0000999982,2023-09-15,3182.55,3017.1,lstm
AT0000999982,2023-09-18,3161.84,2990.49,lstm
AT0000999982,2023-09-19,3177.7,2968.37,lstm
AT0000999982,2023-09-20,3211.99,2949.35,lstm
AT0000999982,2023-09-21,3162.76,2929.09,lstm
AT0000999982,2023-09-22,3158.91,2898.32,lstm
AT0000743059,2023-09-11,45.24,44.67,lstm
AT0000743059,2023-09-12,45.45,44.08,lstm
AT0000743059,2023-09-13,44.78,43.54,lstm
AT0000743059,2023-09-14,45.25,43.12,lstm
AT0000743059,2023-09-15,45.22,42.79,lstm
AT0000743059,2023-09-18,45.42,42.3,lstm
AT0000743059,2023-09-19,45.94,41.91,lstm
AT0000743059,2023-09-20,45.81,41.38,lstm
AT0000743059,2023-09-21,45.45,40.79,lstm
AT0000743059,2023-09-22,45.2,40.31,lstm
AT0000937503,2023-09-11,27.14,26.45,lstm
AT0000937503,2023-09-12,26.84,26.21,lstm
AT0000937503,2023-09-13,26.46,26.04,lstm
AT0000937503,2023-09-14,27.04,25.82,lstm
AT0000937503,2023-09-15,26.96,25.75,lstm
AT0000937503,2023-09-18,26.5,25.63,lstm
AT0000937503,2023-09-19,26.38,25.42,lstm
AT0000937503,2023-09-20,26.94,25.28,lstm
AT0000937503,2023-09-21,26.2,25.06,lstm
AT0000937503,2023-09-22,26.12,24.81,lstm
AT0000652011,2023-09-11,32.19,31.96,lstm
AT0000652011,2023-09-12,32.55,31.89,lstm
AT0000652011,2023-09-13,32.69,31.68,lstm
AT0000652011,2023-09-14,33.24,31.57,lstm
AT0000652011,2023-09-15,32.92,31.32,lstm
AT0000652011,2023-09-18,32.6,31.25,lstm
AT0000652011,2023-09-19,32.9,31.2,lstm
AT0000652011,2023-09-20,33.04,31.16,lstm
AT0000652011,2023-09-21,32.42,31.21,lstm
AT0000652011,2023-09-22,32.46,31.13,lstm
AT0000746409,2023-09-11,75.3,74.19,lstm
AT0000746409,2023-09-12,76.05,73.0,lstm
AT0000746409,2023-09-13,76.0,71.44,lstm
AT0000746409,2023-09-14,79.55,70.0,lstm
AT0000746409,2023-09-15,80.8,68.78,lstm
AT0000746409,2023-09-18,80.25,67.59,lstm
AT0000746409,2023-09-19,80.4,66.49,lstm
AT0000746409,2023-09-20,83.45,65.54,lstm
AT0000746409,2023-09-21,80.9,64.46,lstm
AT0000746409,2023-09-22,79.2,63.91,lstm
AT0000922554,2023-09-11,30.8,31.21,lstm
AT0000922554,2023-09-12,30.6,30.89,lstm
AT0000922554,2023-09-13,30.5,30.68,lstm
AT0000922554,2023-09-14,31.0,30.2,lstm
AT0000922554,2023-09-15,31.2,30.02,lstm
AT0000922554,2023-09-18,30.5,29.77,lstm
AT0000922554,2023-09-19,30.3,29.55,lstm
AT0000922554,2023-09-20,31.2,29.31,lstm
AT0000922554,2023-09-21,31.5,29.04,lstm
AT0000922554,2023-09-22,30.6,28.73,lstm
AT00000VIE62,2023-09-11,46.3,46.2,lstm
AT00000VIE62,2023-09-12,46.45,45.61,lstm
AT00000VIE62,2023-09-13,46.15,45.16,lstm
AT00000VIE62,2023-09-14,46.15,44.7,lstm
AT00000VIE62,2023-09-15,47.45,43.97,lstm
AT00000VIE62,2023-09-18,47.7,43.51,lstm
AT00000VIE62,2023-09-19,46.8,43.11,lstm
AT00000VIE62,2023-09-20,46.3,42.88,lstm
AT00000VIE62,2023-09-21,46.45,42.34,lstm
AT00000VIE62,2023-09-22,46.8,41.85,lstm
AT0000741053,2023-09-11,23.25,22.82,lstm
AT0000741053,2023-09-12,23.35,22.64,lstm
AT0000741053,2023-09-13,23.4,22.26,lstm
AT0000741053,2023-09-14,23.7,22.01,lstm
AT0000741053,2023-09-15,24.3,21.76,lstm
AT0000741053,2023-09-18,24.0,21.49,lstm
AT0000741053,2023-09-19,24.3,21.3,lstm
AT0000741053,2023-09-20,24.7,20.97,lstm
AT0000741053,2023-09-21,24.7,20.75,lstm
AT0000741053,2023-09-22,24.75,20.51,lstm
AT0000785555,2023-09-11,20.2,22.19,lstm
AT0000785555,2023-09-12,19.68,21.92,lstm
AT0000785555,2023-09-13,19.22,21.69,lstm
AT0000785555,2023-09-14,19.7,21.5,lstm
AT0000785555,2023-09-15,19.1,21.33,lstm
AT0000785555,2023-09-18,18.56,21.13,lstm
AT0000785555,2023-09-19,17.98,20.84,lstm
AT0000785555,2023-09-20,17.66,20.51,lstm
AT0000785555,2023-09-21,16.7,20.33,lstm
AT0000785555,2023-09-22,16.78,20.08,lstm
AT0000831706,2023-09-11,24.5,24.21,lstm
AT0000831706,2023-09-12,24.52,23.91,lstm
AT0000831706,2023-09-13,24.32,23.74,lstm
AT0000831706,2023-09-14,24.44,23.5,lstm
AT0000831706,2023-09-15,24.72,23.42,lstm
AT0000831706,2023-09-18,24.42,23.15,lstm
AT0000831706,2023-09-19,24.26,23.0,lstm
AT0000831706,2023-09-20,24.4,22.72,lstm
AT0000831706,2023-09-21,24.02,22.63,lstm
AT0000831706,2023-09-22,23.84,22.39,lstm
AT0000644505,2023-09-11,41.3,40.0,lstm
AT0000644505,2023-09-12,40.8,39.36,lstm
AT0000644505,2023-09-13,40.8,38.82,lstm
AT0000644505,2023-09-14,41.9,38.28,lstm
AT0000644505,2023-09-15,38.8,37.94,lstm
AT0000644505,2023-09-18,38.15,37.23,lstm
AT0000644505,2023-09-19,38.75,36.79,lstm
AT0000644505,2023-09-20,39.85,36.33,lstm
AT0000644505,2023-09-21,38.75,35.74,lstm
AT0000644505,2023-09-22,38.65,35.46,lstm
AT0000758305,2023-09-11,24.0,23.74,lstm
AT0000758305,2023-09-12,24.0,23.41,lstm
AT0000758305,2023-09-13,23.95,23.23,lstm
AT0000758305,2023-09-14,24.05,22.92,lstm
AT0000758305,2023-09-15,24.0,22.74,lstm
AT0000758305,2023-09-18,23.85,22.53,lstm
AT0000758305,2023-09-19,23.1,22.32,lstm
AT0000758305,2023-09-20,23.2,22.06,lstm
AT0000758305,2023-09-21,22.75,21.81,lstm
AT0000758305,2023-09-22,22.7,21.5,lstm
AT0000938204,2023-09-11,129.2,128.78,lstm
AT0000938204,2023-09-12,130.0,127.45,lstm
AT0000938204,2023-09-13,128.4,126.34,lstm
AT0000938204,2023-09-14,128.2,125.33,lstm
AT0000938204,2023-09-15,130.0,123.44,lstm
AT0000938204,2023-09-18,129.8,122.35,lstm
AT0000938204,2023-09-19,127.6,121.29,lstm
AT0000938204,2023-09-20,128.0,119.88,lstm
AT0000938204,2023-09-21,128.6,119.05,lstm
AT0000938204,2023-09-22,128.0,118.45,lstm
AT0000908504,2023-09-11,25.65,25.08,lstm
AT0000908504,2023-09-12,25.9,24.79,lstm
AT0000908504,2023-09-13,25.8,24.51,lstm
AT0000908504,2023-09-14,25.65,24.38,lstm
AT0000908504,2023-09-15,25.8,24.21,lstm
AT0000908504,2023-09-18,26.05,23.99,lstm
AT0000908504,2023-09-19,26.0,23.67,lstm
AT0000908504,2023-09-20,26.0,23.43,lstm
AT0000908504,2023-09-21,25.85,23.19,lstm
AT0000908504,2023-09-22,26.05,22.89,lstm
AT0000A21KS2,2023-09-11,17.92,17.52,lstm
AT0000A21KS2,2023-09-12,17.96,17.29,lstm
AT0000A21KS2,2023-09-13,18.04,16.98,lstm
AT0000A21KS2,2023-09-14,18.3,16.68,lstm
AT0000A21KS2,2023-09-15,18.2,16.38,lstm
AT0000A21KS2,2023-09-18,18.18,16.22,lstm
AT0000A21KS2,2023-09-19,18.18,15.95,lstm
AT0000A21KS2,2023-09-20,18.2,15.72,lstm
AT0000A21KS2,2023-09-21,18.18,15.48,lstm
AT0000A21KS2,2023-09-22,18.2,15.19,lstm
AT0000641352,2023-09-11,30.45,29.99,lstm
AT0000641352,2023-09-12,30.35,29.52,lstm
AT0000641352,2023-09-13,30.4,29.21,lstm
AT0000641352,2023-09-14,30.6,28.82,lstm
AT0000641352,2023-09-15,30.45,28.3,lstm
AT0000641352,2023-09-18,30.3,27.88,lstm
AT0000641352,2023-09-19,30.45,27.52,lstm
AT0000641352,2023-09-20,30.8,27.21,lstm
AT0000641352,2023-09-21,30.7,26.92,lstm
AT0000641352,2023-09-22,30.85,26.43,lstm
AT0000821103,2023-09-11,7.55,7.41,lstm
AT0000821103,2023-09-12,7.57,7.31,lstm
AT0000821103,2023-09-13,7.59,7.25,lstm
AT0000821103,2023-09-14,7.55,7.2,lstm
AT0000821103,2023-09-15,7.52,7.16,lstm
AT0000821103,2023-09-18,7.51,7.07,lstm
AT0000821103,2023-09-19,7.51,7.03,lstm
AT0000821103,2023-09-20,7.54,6.98,lstm
AT0000821103,2023-09-21,7.54,6.92,lstm
AT0000821103,2023-09-22,7.57,6.86,lstm
AT0000999982,2023-09-11,3149.33,3144.77,moving_average
AT0000999982,2023-09-12,3164.3,3145.72,moving_average
AT0000999982,2023-09-13,3145.71,3146.6,moving_average
AT0000999982,2023-09-14,3189.45,3147.25,moving_average
AT0000999982,2023-09-15,3182.55,3147.98,moving_average
AT0000999982,2023-09-18,3161.84,3148.99,moving_average
AT0000999982,2023-09-19,3177.7,3150.01,moving_average
AT0000999982,2023-09-20,3211.99,3151.14,moving_average
AT0000999982,2023-09-21,3162.76,3152.28,moving_average
AT0000999982,2023-09-22,3158.91,3153.78,moving_average
AT0000743059,2023-09-11,45.24,45.33,moving_average
AT0000743059,2023-09-12,45.45,45.34,moving_average
AT0000743059,2023-09-13,44.78,45.36,moving_average
AT0000743059,2023-09-14,45.25,45.37,moving_average
AT0000743059,2023-09-15,45.22,45.38,moving_average
AT0000743059,2023-09-18,45.42,45.4,moving_average
AT0000743059,2023-09-19,45.94,45.42,moving_average
AT0000743059,2023-09-20,45.81,45.45,moving_average
AT0000743059,2023-09-21,45.45,45.48,moving_average
AT0000743059,2023-09-22,45.2,45.51,moving_average
AT0000937503,2023-09-11,27.14,26.89,moving_average
AT0000937503,2023-09-12,26.84,26.92,moving_average
AT0000937503,2023-09-13,26.46,26.96,moving_average
AT0000937503,2023-09-14,27.04,26.98,moving_average
AT0000937503,2023-09-15,26.96,27.01,moving_average
AT0000937503,2023-09-18,26.5,27.05,moving_average
AT0000937503,2023-09-19,26.38,27.09,moving_average
AT0000937503,2023-09-20,26.94,27.12,moving_average
AT0000937503,2023-09-21,26.2,27.16,moving_average
AT0000937503,2023-09-22,26.12,27.19,moving_average
AT0000652011,2023-09-11,32.19,32.12,moving_average
AT0000652011,2023-09-12,32.55,32.16,moving_average
AT0000652011,2023-09-13,32.69,32.2,moving_average
AT0000652011,2023-09-14,33.24,32.23,moving_average
AT0000652011,2023-09-15,32.92,32.27,moving_average
AT0000652011,2023-09-18,32.6,32.3,moving_average
AT0000652011,2023-09-19,32.9,32.33,moving_average
AT0000652011,2023-09-20,33.04,32.36,moving_average
AT0000652011,2023-09-21,32.42,32.39,moving_average
AT0000652011,2023-09-22,32.46,32.43,moving_average
AT0000746409,2023-09-11,75.3,75.17,moving_average
AT0000746409,2023-09-12,76.05,75.1,moving_average
AT0000746409,2023-09-13,76.0,75.04,moving_average
AT0000746409,2023-09-14,79.55,74.98,moving_average
AT0000746409,2023-09-15,80.8,74.91,moving_average
AT0000746409,2023-09-18,80.25,74.86,moving_average
AT0000746409,2023-09-19,80.4,74.82,moving_average
AT0000746409,2023-09-20,83.45,74.78,moving_average
AT0000746409,2023-09-21,80.9,74.74,moving_average
AT0000746409,2023-09-22,79.2,74.72,moving_average
AT0000922554,2023-09-11,30.8,31.39,moving_average
AT0000922554,2023-09-12,30.6,31.38,moving_average
AT0000922554,2023-09-13,30.5,31.37,moving_average
AT0000922554,2023-09-14,31.0,31.36,moving_average
AT0000922554,2023-09-15,31.2,31.34,moving_average
AT0000922554,2023-09-18,30.5,31.33,moving_average
AT0000922554,2023-09-19,30.3,31.32,moving_average
AT0000922554,2023-09-20,31.2,31.31,moving_average
AT0000922554,2023-09-21,31.5,31.3,moving_average
AT0000922554,2023-09-22,30.6,31.3,moving_average
AT00000VIE62,2023-09-11,46.3,46.96,moving_average
AT00000VIE62,2023-09-12,46.45,47.03,moving_average
AT00000VIE62,2023-09-13,46.15,47.09,moving_average
AT00000VIE62,2023-09-14,46.15,47.15,moving_average
AT00000VIE62,2023-09-15,47.45,47.22,moving_average
AT00000VIE62,2023-09-18,47.7,47.28,moving_average
AT00000VIE62,2023-09-19,46.8,47.35,moving_average
AT00000VIE62,2023-09-20,46.3,47.42,moving_average
AT00000VIE62,2023-09-21,46.45,47.48,moving_average
AT00000VIE62,2023-09-22,46.8,47.55,moving_average
AT0000741053,2023-09-11,23.25,23.07,moving_average
AT0000741053,2023-09-12,23.35,23.08,moving_average
AT0000741053,2023-09-13,23.4,23.1,moving_average
AT0000741053,2023-09-14,23.7,23.11,moving_average
AT0000741053,2023-09-15,24.3,23.13,moving_average
AT0000741053,2023-09-18,24.0,23.15,moving_average
AT0000741053,2023-09-19,24.3,23.17,moving_average
AT0000741053,2023-09-20,24.7,23.2,moving_average
AT0000741053,2023-09-21,24.7,23.22,moving_average
AT0000741053,2023-09-22,24.75,23.25,moving_average
AT0000785555,2023-09-11,20.2,22.57,moving_average
AT0000785555,2023-09-12,19.68,22.59,moving_average
AT0000785555,2023-09-13,19.22,22.6,moving_average
AT0000785555,2023-09-14,19.7,22.61,moving_average
AT0000785555,2023-09-15,19.1,22.62,moving_average
AT0000785555,2023-09-18,18.56,22.63,moving_average
AT0000785555,2023-09-19,17.98,22.63,moving_average
AT0000785555,2023-09-20,17.66,22.64,moving_average
AT0000785555,2023-09-21,16.7,22.64,moving_average
AT0000785555,2023-09-22,16.78,22.64,moving_average
AT0000831706,2023-09-11,24.5,24.47,moving_average
AT0000831706,2023-09-12,24.52,24.47,moving_average
AT0000831706,2023-09-13,24.32,24.48,moving_average
AT0000831706,2023-09-14,24.44,24.48,moving_average
AT0000831706,2023-09-15,24.72,24.48,moving_average
AT0000831706,2023-09-18,24.42,24.49,moving_average
AT0000831706,2023-09-19,24.26,24.5,moving_average
AT0000831706,2023-09-20,24.4,24.51,moving_average
AT0000831706,2023-09-21,24.02,24.51,moving_average
AT0000831706,2023-09-22,23.84,24.52,moving_average
AT0000644505,2023-09-11,41.3,40.58,moving_average
AT0000644505,2023-09-12,40.8,40.51,moving_average
AT0000644505,2023-09-13,40.8,40.44,moving_average
AT0000644505,2023-09-14,41.9,40.36,moving_average
AT0000644505,2023-09-15,38.8,40.29,moving_average
AT0000644505,2023-09-18,38.15,40.22,moving_average
AT0000644505,2023-09-19,38.75,40.15,moving_average
AT0000644505,2023-09-20,39.85,40.07,moving_average
AT0000644505,2023-09-21,38.75,40.0,moving_average
AT0000644505,2023-09-22,38.65,39.97,moving_average
AT0000758305,2023-09-11,24.0,23.95,moving_average
AT0000758305,2023-09-12,24.0,23.95,moving_average
AT0000758305,2023-09-13,23.95,23.95,moving_average
AT0000758305,2023-09-14,24.05,23.95,moving_average
AT0000758305,2023-09-15,24.0,23.94,moving_average
AT0000758305,2023-09-18,23.85,23.94,moving_average
AT0000758305,2023-09-19,23.1,23.94,moving_average
AT0000758305,2023-09-20,23.2,23.95,moving_average
AT0000758305,2023-09-21,22.75,23.95,moving_average
AT0000758305,2023-09-22,22.7,23.95,moving_average
AT0000938204,2023-09-11,129.2,130.35,moving_average
AT0000938204,2023-09-12,130.0,130.3,moving_average
AT0000938204,2023-09-13,128.4,130.24,moving_average
AT0000938204,2023-09-14,128.2,130.18,moving_average
AT0000938204,2023-09-15,130.0,130.11,moving_average
AT0000938204,2023-09-18,129.8,130.06,moving_average
AT0000938204,2023-09-19,127.6,130.0,moving_average
AT0000938204,2023-09-20,128.0,129.96,moving_average
AT0000938204,2023-09-21,128.6,129.92,moving_average
AT0000938204,2023-09-22,128.0,129.89,moving_average
AT0000908504,2023-09-11,25.65,25.36,moving_average
AT0000908504,2023-09-12,25.9,25.37,moving_average
AT0000908504,2023-09-13,25.8,25.38,moving_average
AT0000908504,2023-09-14,25.65,25.39,moving_average
AT0000908504,2023-09-15,25.8,25.4,moving_average
AT0000908504,2023-09-18,26.05,25.41,moving_average
AT0000908504,2023-09-19,26.0,25.42,moving_average
AT0000908504,2023-09-20,26.0,25.44,moving_average
AT0000908504,2023-09-21,25.85,25.45,moving_average
AT0000908504,2023-09-22,26.05,25.46,moving_average
AT0000A21KS2,2023-09-11,17.92,17.83,moving_average
AT0000A21KS2,2023-09-12,17.96,17.85,moving_average
AT0000A21KS2,2023-09-13,18.04,17.86,moving_average
AT0000A21KS2,2023-09-14,18.3,17.87,moving_average
AT0000A21KS2,2023-09-15,18.2,17.88,moving_average
AT0000A21KS2,2023-09-18,18.18,17.9,moving_average
AT0000A21KS2,2023-09-19,18.18,17.91,moving_average
AT0000A21KS2,2023-09-20,18.2,17.93,moving_average
AT0000A21KS2,2023-09-21,18.18,17.94,moving_average
AT0000A21KS2,2023-09-22,18.2,17.96,moving_average
AT0000641352,2023-09-11,30.45,30.45,moving_average
AT0000641352,2023-09-12,30.35,30.44,moving_average
AT0000641352,2023-09-13,30.4,30.44,moving_average
AT0000641352,2023-09-14,30.6,30.43,moving_average
AT0000641352,2023-09-15,30.45,30.42,moving_average
AT0000641352,2023-09-18,30.3,30.42,moving_average
AT0000641352,2023-09-19,30.45,30.41,moving_average
AT0000641352,2023-09-20,30.8,30.4,moving_average
AT0000641352,2023-09-21,30.7,30.4,moving_average
AT0000641352,2023-09-22,30.85,30.39,moving_average
AT0000821103,2023-09-11,7.55,7.5,moving_average
AT0000821103,2023-09-12,7.57,7.51,moving_average
AT0000821103,2023-09-13,7.59,7.51,moving_average
AT0000821103,2023-09-14,7.55,7.52,moving_average
AT0000821103,2023-09-15,7.52,7.52,moving_average
AT0000821103,2023-09-18,7.51,7.52,moving_average
AT0000821103,2023-09-19,7.51,7.52,moving_average
AT0000821103,2023-09-20,7.54,7.53,moving_average
AT0000821103,2023-09-21,7.54,7.53,moving_average
AT0000821103,2023-09-22,7.57,7.53,moving_average
AT0000999982,2023-09-11,3149.33,3144.77,moving_average_recursive
AT0000999982,2023-09-12,3164.3,3145.71,moving_average_recursive
AT0000999982,2023-09-13,3145.71,3146.56,moving_average_recursive
AT0000999982,2023-09-14,3189.45,3147.13,moving_average_recursive
AT0000999982,2023-09-15,3182.55,3147.85,moving_average_recursive
AT0000999982,2023-09-18,3161.84,3148.69,moving_average_recursive
AT0000999982,2023-09-19,3177.7,3149.57,moving_average_recursive
AT0000999982,2023-09-20,3211.99,3150.63,moving_average_recursive
AT0000999982,2023-09-21,3162.76,3151.65,moving_average_recursive
AT0000999982,2023-09-22,3158.91,3152.91,moving_average_recursive
AT0000743059,2023-09-11,45.24,45.33,moving_average_recursive
AT0000743059,2023-09-12,45.45,45.34,moving_average_recursive
AT0000743059,2023-09-13,44.78,45.36,moving_average_recursive
AT0000743059,2023-09-14,45.25,45.36,moving_average_recursive
AT0000743059,2023-09-15,45.22,45.38,moving_average_recursive
AT0000743059,2023-09-18,45.42,45.39,moving_average_recursive
AT0000743059,2023-09-19,45.94,45.42,moving_average_recursive
AT0000743059,2023-09-20,45.81,45.44,moving_average_recursive
AT0000743059,2023-09-21,45.45,45.47,moving_average_recursive
AT0000743059,2023-09-22,45.2,45.5,moving_average_recursive
AT0000937503,2023-09-11,27.14,26.89,moving_average_recursive
AT0000937503,2023-09-12,26.84,26.92,moving_average_recursive
AT0000937503,2023-09-13,26.46,26.96,moving_average_recursive
AT0000937503,2023-09-14,27.04,26.98,moving_average_recursive
AT0000937503,2023-09-15,26.96,27.02,moving_average_recursive
AT0000937503,2023-09-18,26.5,27.05,moving_average_recursive
AT0000937503,2023-09-19,26.38,27.09,moving_average_recursive
AT0000937503,2023-09-20,26.94,27.13,moving_average_recursive
AT0000937503,2023-09-21,26.2,27.17,moving_average_recursive
AT0000937503,2023-09-22,26.12,27.2,moving_average_recursive
AT0000652011,2023-09-11,32.19,32.12,moving_average_recursive
AT0000652011,2023-09-12,32.55,32.16,moving_average_recursive
AT0000652011,2023-09-13,32.69,32.2,moving_average_recursive
AT0000652011,2023-09-14,33.24,32.23,moving_average_recursive
AT0000652011,2023-09-15,32.92,32.27,moving_average_recursive
AT0000652011,2023-09-18,32.6,32.3,moving_average_recursive
AT0000652011,2023-09-19,32.9,32.33,moving_average_recursive
AT0000652011,2023-09-20,33.04,32.36,moving_average_recursive
AT0000652011,2023-09-21,32.42,32.39,moving_average_recursive
AT0000652011,2023-09-22,32.46,32.42,moving_average_recursive
AT0000746409,2023-09-11,75.3,75.17,moving_average_recursive
AT0000746409,2023-09-12,76.05,75.1,moving_average_recursive
AT0000746409,2023-09-13,76.0,75.03,moving_average_recursive
AT0000746409,2023-09-14,79.55,74.96,moving_average_recursive
AT0000746409,2023-09-15,80.8,74.89,moving_average_recursive
AT0000746409,2023-09-18,80.25,74.82,moving_average_recursive
AT0000746409,2023-09-19,80.4,74.75,moving_average_recursive
AT0000746409,2023-09-20,83.45,74.69,moving_average_recursive
AT0000746409,2023-09-21,80.9,74.62,moving_average_recursive
AT0000746409,2023-09-22,79.2,74.57,moving_average_recursive
AT0000922554,2023-09-11,30.8,31.39,moving_average_recursive
AT0000922554,2023-09-12,30.6,31.38,moving_average_recursive
AT0000922554,2023-09-13,30.5,31.37,moving_average_recursive
AT0000922554,2023-09-14,31.0,31.36,moving_average_recursive
AT0000922554,2023-09-15,31.2,31.35,moving_average_recursive
AT0000922554,2023-09-18,30.5,31.34,moving_average_recursive
AT0000922554,2023-09-19,30.3,31.33,moving_average_recursive
AT0000922554,2023-09-20,31.2,31.32,moving_average_recursive
AT0000922554,2023-09-21,31.5,31.31,moving_average_recursive
AT0000922554,2023-09-22,30.6,31.3,moving_average_recursive
AT00000VIE62,2023-09-11,46.3,46.96,moving_average_recursive
AT00000VIE62,2023-09-12,46.45,47.03,moving_average_recursive
AT00000VIE62,2023-09-13,46.15,47.09,moving_average_recursive
AT00000VIE62,2023-09-14,46.15,47.16,moving_average_recursive
AT00000VIE62,2023-09-15,47.45,47.22,moving_average_recursive
AT00000VIE62,2023-09-18,47.7,47.29,moving_average_recursive
AT00000VIE62,2023-09-19,46.8,47.36,moving_average_recursive
AT00000VIE62,2023-09-20,46.3,47.42,moving_average_recursive
AT00000VIE62,2023-09-21,46.45,47.49,moving_average_recursive
AT00000VIE62,2023-09-22,46.8,47.56,moving_average_recursive
AT0000741053,2023-09-11,23.25,23.07,moving_average_recursive
AT0000741053,2023-09-12,23.35,23.08,moving_average_recursive
AT0000741053,2023-09-13,23.4,23.1,moving_average_recursive
AT0000741053,2023-09-14,23.7,23.11,moving_average_recursive
AT0000741053,2023-09-15,24.3,23.13,moving_average_recursive
AT0000741053,2023-09-18,24.0,23.14,moving_average_recursive
AT0000741053,2023-09-19,24.3,23.16,moving_average_recursive
AT0000741053,2023-09-20,24.7,23.18,moving_average_recursive
AT0000741053,2023-09-21,24.7,23.2,moving_average_recursive
AT0000741053,2023-09-22,24.75,23.22,moving_average_recursive
AT0000785555,2023-09-11,20.2,22.57,moving_average_recursive
AT0000785555,2023-09-12,19.68,22.59,moving_average_recursive
AT0000785555,2023-09-13,19.22,22.61,moving_average_recursive
AT0000785555,2023-09-14,19.7,22.63,moving_average_recursive
AT0000785555,2023-09-15,19.1,22.65,moving_average_recursive
AT0000785555,2023-09-18,18.56,22.67,moving_average_recursive
AT0000785555,2023-09-19,17.98,22.69,moving_average_recursive
AT0000785555,2023-09-20,17.66,22.71,moving_average_recursive
AT0000785555,2023-09-21,16.7,22.73,moving_average_recursive
AT0000785555,2023-09-22,16.78,22.76,moving_average_recursive
AT0000831706,2023-09-11,24.5,24.47,moving_average_recursive
AT0000831706,2023-09-12,24.52,24.47,moving_average_recursive
AT0000831706,2023-09-13,24.32,24.48,moving_average_recursive
AT0000831706,2023-09-14,24.44,24.48,moving_average_recursive
AT0000831706,2023-09-15,24.72,24.49,moving_average_recursive
AT0000831706,2023-09-18,24.42,24.5,moving_average_recursive
AT0000831706,2023-09-19,24.26,24.5,moving_average_recursive
AT0000831706,2023-09-20,24.4,24.51,moving_average_recursive
AT0000831706,2023-09-21,24.02,24.52,moving_average_recursive
AT0000831706,2023-09-22,23.84,24.53,moving_average_recursive
AT0000644505,2023-09-11,41.3,40.58,moving_average_recursive
AT0000644505,2023-09-12,40.8,40.51,moving_average_recursive
AT0000644505,2023-09-13,40.8,40.44,moving_average_recursive
AT0000644505,2023-09-14,41.9,40.36,moving_average_recursive
AT0000644505,2023-09-15,38.8,40.29,moving_average_recursive
AT0000644505,2023-09-18,38.15,40.22,moving_average_recursive
AT0000644505,2023-09-19,38.75,40.15,moving_average_recursive
AT0000644505,2023-09-20,39.85,40.08,moving_average_recursive
AT0000644505,2023-09-21,38.75,40.02,moving_average_recursive
AT0000644505,2023-09-22,38.65,39.99,moving_average_recursive
AT0000758305,2023-09-11,24.0,23.95,moving_average_recursive
AT0000758305,2023-09-12,24.0,23.95,moving_average_recursive
AT0000758305,2023-09-13,23.95,23.95,moving_average_recursive
AT0000758305,2023-09-14,24.05,23.95,moving_average_recursive
AT0000758305,2023-09-15,24.0,23.94,moving_average_recursive
AT0000758305,2023-09-18,23.85,23.94,moving_average_recursive
AT0000758305,2023-09-19,23.1,23.95,moving_average_recursive
AT0000758305,2023-09-20,23.2,23.95,moving_average_recursive
AT0000758305,2023-09-21,22.75,23.96,moving_average_recursive
AT0000758305,2023-09-22,22.7,23.96,moving_average_recursive
AT0000938204,2023-09-11,129.2,130.35,moving_average_recursive
AT0000938204,2023-09-12,130.0,130.3,moving_average_recursive
AT0000938204,2023-09-13,128.4,130.25,moving_average_recursive
AT0000938204,2023-09-14,128.2,130.18,moving_average_recursive
AT0000938204,2023-09-15,130.0,130.13,moving_average_recursive
AT0000938204,2023-09-18,129.8,130.08,moving_average_recursive
AT0000938204,2023-09-19,127.6,130.02,moving_average_recursive
AT0000938204,2023-09-20,128.0,129.99,moving_average_recursive
AT0000938204,2023-09-21,128.6,129.95,moving_average_recursive
AT0000938204,2023-09-22,128.0,129.93,moving_average_recursive
AT0000908504,2023-09-11,25.65,25.36,moving_average_recursive
AT0000908504,2023-09-12,25.9,25.37,moving_average_recursive
AT0000908504,2023-09-13,25.8,25.38,moving_average_recursive
AT0000908504,2023-09-14,25.65,25.39,moving_average_recursive
AT0000908504,2023-09-15,25.8,25.4,moving_average_recursive
AT0000908504,2023-09-18,26.05,25.41,moving_average_recursive
AT0000908504,2023-09-19,26.0,25.42,moving_average_recursive
AT0000908504,2023-09-20,26.0,25.42,moving_average_recursive
AT0000908504,2023-09-21,25.85,25.43,moving_average_recursive
AT0000908504,2023-09-22,26.05,25.45,moving_average_recursive
AT0000A21KS2,2023-09-11,17.92,17.83,moving_average_recursive
AT0000A21KS2,2023-09-12,17.96,17.85,moving_average_recursive
AT0000A21KS2,2023-09-13,18.04,17.86,moving_average_recursive
AT0000A21KS2,2023-09-14,18.3,17.87,moving_average_recursive
AT0000A21KS2,2023-09-15,18.2,17.88,moving_average_recursive
AT0000A21KS2,2023-09-18,18.18,17.9,moving_average_recursive
AT0000A21KS2,2023-09-19,18.18,17.91,moving_average_recursive
AT0000A21KS2,2023-09-20,18.2,17.92,moving_average_recursive
AT0000A21KS2,2023-09-21,18.18,17.93,moving_average_recursive
AT0000A21KS2,2023-09-22,18.2,17.95,moving_average_recursive
AT0000641352,2023-09-11,30.45,30.45,moving_average_recursive
AT0000641352,2023-09-12,30.35,30.44,moving_average_recursive
AT0000641352,2023-09-13,30.4,30.44,moving_average_recursive
AT0000641352,2023-09-14,30.6,30.43,moving_average_recursive
AT0000641352,2023-09-15,30.45,30.42,moving_average_recursive
AT0000641352,2023-09-18,30.3,30.42,moving_average_recursive
AT0000641352,2023-09-19,30.45,30.41,moving_average_recursive
AT0000641352,2023-09-20,30.8,30.4,moving_average_recursive
AT0000641352,2023-09-21,30.7,30.4,moving_average_recursive
AT0000641352,2023-09-22,30.85,30.39,moving_average_recursive
AT0000821103,2023-09-11,7.55,7.5,moving_average_recursive
AT0000821103,2023-09-12,7.57,7.51,moving_average_recursive
AT0000821103,2023-09-13,7.59,7.51,moving_average_recursive
AT0000821103,2023-09-14,7.55,7.51,moving_average_recursive
AT0000821103,2023-09-15,7.52,7.52,moving_average_recursive
AT0000821103,2023-09-18,7.51,7.52,moving_average_recursive
AT0000821103,2023-09-19,7.51,7.52,moving_average_recursive
AT0000821103,2023-09-20,7.54,7.53,moving_average_recursive
AT0000821103,2023-09-21,7.54,7.53,moving_average_recursive
AT0000821103,2023-09-22,7.57,7.53,moving_average_recursive
AT0000999982,2023-09-11,3149.33,3191.94,prophet
AT0000999982,2023-09-12,3164.3,3240.94,prophet
AT0000999982,2023-09-13,3145.71,3243.52,prophet
AT0000999982,2023-09-14,3189.45,3246.99,prophet
AT0000999982,2023-09-15,3182.55,3249.79,prophet
AT0000999982,2023-09-18,3161.84,3240.81,prophet
AT0000999982,2023-09-19,3177.7,3239.24,prophet
AT0000999982,2023-09-20,3211.99,3289.0,prophet
AT0000999982,2023-09-21,3162.76,3339.54,prophet
AT0000999982,2023-09-22,3158.91,3342.24,prophet
AT0000743059,2023-09-11,45.24,47.23,prophet
AT0000743059,2023-09-12,45.45,49.23,prophet
AT0000743059,2023-09-13,44.78,49.49,prophet
AT0000743059,2023-09-14,45.25,49.72,prophet
AT0000743059,2023-09-15,45.22,49.67,prophet
AT0000743059,2023-09-18,45.42,49.52,prophet
AT0000743059,2023-09-19,45.94,49.43,prophet
AT0000743059,2023-09-20,45.81,51.52,prophet
AT0000743059,2023-09-21,45.45,53.71,prophet
AT0000743059,2023-09-22,45.2,54.0,prophet
AT0000937503,2023-09-11,27.14,27.19,prophet
AT0000937503,2023-09-12,26.84,27.52,prophet
AT0000937503,2023-09-13,26.46,27.48,prophet
AT0000937503,2023-09-14,27.04,27.45,prophet
AT0000937503,2023-09-15,26.96,27.43,prophet
AT0000937503,2023-09-18,26.5,27.07,prophet
AT0000937503,2023-09-19,26.38,26.95,prophet
AT0000937503,2023-09-20,26.94,27.27,prophet
AT0000937503,2023-09-21,26.2,27.6,prophet
AT0000937503,2023-09-22,26.12,27.55,prophet
AT0000652011,2023-09-11,32.19,32.63,prophet
AT0000652011,2023-09-12,32.55,33.19,prophet
AT0000652011,2023-09-13,32.69,33.19,prophet
AT0000652011,2023-09-14,33.24,33.17,prophet
AT0000652011,2023-09-15,32.92,33.23,prophet
AT0000652011,2023-09-18,32.6,33.19,prophet
AT0000652011,2023-09-19,32.9,33.24,prophet
AT0000652011,2023-09-20,33.04,33.81,prophet
AT0000652011,2023-09-21,32.42,34.39,prophet
AT0000652011,2023-09-22,32.46,34.39,prophet
AT0000746409,2023-09-11,75.3,75.71,prophet
AT0000746409,2023-09-12,76.05,76.18,prophet
AT0000746409,2023-09-13,76.0,76.03,prophet
AT0000746409,2023-09-14,79.55,76.34,prophet
AT0000746409,2023-09-15,80.8,76.59,prophet
AT0000746409,2023-09-18,80.25,76.58,prophet
AT0000746409,2023-09-19,80.4,76.29,prophet
AT0000746409,2023-09-20,83.45,76.76,prophet
AT0000746409,2023-09-21,80.9,77.23,prophet
AT0000746409,2023-09-22,79.2,77.08,prophet
AT0000922554,2023-09-11,30.8,31.68,prophet
AT0000922554,2023-09-12,30.6,31.97,prophet
AT0000922554,2023-09-13,30.5,32.01,prophet
AT0000922554,2023-09-14,31.0,32.03,prophet
AT0000922554,2023-09-15,31.2,32.0,prophet
AT0000922554,2023-09-18,30.5,32.06,prophet
AT0000922554,2023-09-19,30.3,32.0,prophet
AT0000922554,2023-09-20,31.2,32.29,prophet
AT0000922554,2023-09-21,31.5,32.58,prophet
AT0000922554,2023-09-22,30.6,32.63,prophet
AT00000VIE62,2023-09-11,46.3,47.01,prophet
AT00000VIE62,2023-09-12,46.45,47.11,prophet
AT00000VIE62,2023-09-13,46.15,47.16,prophet
AT00000VIE62,2023-09-14,46.15,47.09,prophet
AT00000VIE62,2023-09-15,47.45,47.02,prophet
AT00000VIE62,2023-09-18,47.7,47.11,prophet
AT00000VIE62,2023-09-19,46.8,46.95,prophet
AT00000VIE62,2023-09-20,46.3,47.05,prophet
AT00000VIE62,2023-09-21,46.45,47.14,prophet
AT00000VIE62,2023-09-22,46.8,47.18,prophet
AT0000741053,2023-09-11,23.25,23.3,prophet
AT0000741053,2023-09-12,23.35,23.55,prophet
AT0000741053,2023-09-13,23.4,23.6,prophet
AT0000741053,2023-09-14,23.7,23.73,prophet
AT0000741053,2023-09-15,24.3,23.8,prophet
AT0000741053,2023-09-18,24.0,23.79,prophet
AT0000741053,2023-09-19,24.3,23.85,prophet
AT0000741053,2023-09-20,24.7,24.11,prophet
AT0000741053,2023-09-21,24.7,24.37,prophet
AT0000741053,2023-09-22,24.75,24.43,prophet
AT0000785555,2023-09-11,20.2,22.2,prophet
AT0000785555,2023-09-12,19.68,21.86,prophet
AT0000785555,2023-09-13,19.22,21.89,prophet
AT0000785555,2023-09-14,19.7,21.97,prophet
AT0000785555,2023-09-15,19.1,21.99,prophet
AT0000785555,2023-09-18,18.56,21.87,prophet
AT0000785555,2023-09-19,17.98,21.91,prophet
AT0000785555,2023-09-20,17.66,21.57,prophet
AT0000785555,2023-09-21,16.7,21.24,prophet
AT0000785555,2023-09-22,16.78,21.27,prophet
AT0000831706,2023-09-11,24.5,24.94,prophet
AT0000831706,2023-09-12,24.52,25.44,prophet
AT0000831706,2023-09-13,24.32,25.42,prophet
AT0000831706,2023-09-14,24.44,25.42,prophet
AT0000831706,2023-09-15,24.72,25.41,prophet
AT0000831706,2023-09-18,24.42,25.29,prophet
AT0000831706,2023-09-19,24.26,25.19,prophet
AT0000831706,2023-09-20,24.4,25.69,prophet
AT0000831706,2023-09-21,24.02,26.19,prophet
AT0000831706,2023-09-22,23.84,26.17,prophet
AT0000644505,2023-09-11,41.3,41.09,prophet
AT0000644505,2023-09-12,40.8,41.54,prophet
AT0000644505,2023-09-13,40.8,41.65,prophet
AT0000644505,2023-09-14,41.9,41.83,prophet
AT0000644505,2023-09-15,38.8,41.67,prophet
AT0000644505,2023-09-18,38.15,41.41,prophet
AT0000644505,2023-09-19,38.75,41.28,prophet
AT0000644505,2023-09-20,39.85,41.73,prophet
AT0000644505,2023-09-21,38.75,42.19,prophet
AT0000644505,2023-09-22,38.65,42.3,prophet
AT0000758305,2023-09-11,24.0,23.64,prophet
AT0000758305,2023-09-12,24.0,23.33,prophet
AT0000758305,2023-09-13,23.95,23.24,prophet
AT0000758305,2023-09-14,24.05,23.18,prophet
AT0000758305,2023-09-15,24.0,23.13,prophet
AT0000758305,2023-09-18,23.85,22.99,prophet
AT0000758305,2023-09-19,23.1,22.92,prophet
AT0000758305,2023-09-20,23.2,22.62,prophet
AT0000758305,2023-09-21,22.75,22.32,prophet
AT0000758305,2023-09-22,22.7,22.22,prophet
AT0000938204,2023-09-11,129.2,131.42,prophet
AT0000938204,2023-09-12,130.0,132.44,prophet
AT0000938204,2023-09-13,128.4,132.28,prophet
AT0000938204,2023-09-14,128.2,132.32,prophet
AT0000938204,2023-09-15,130.0,132.36,prophet
AT0000938204,2023-09-18,129.8,131.82,prophet
AT0000938204,2023-09-19,127.6,131.77,prophet
AT0000938204,2023-09-20,128.0,132.8,prophet
AT0000938204,2023-09-21,128.6,133.84,prophet
AT0000938204,2023-09-22,128.0,133.68,prophet
AT0000908504,2023-09-11,25.65,25.35,prophet
AT0000908504,2023-09-12,25.9,25.35,prophet
AT0000908504,2023-09-13,25.8,25.36,prophet
AT0000908504,2023-09-14,25.65,25.37,prophet
AT0000908504,2023-09-15,25.8,25.39,prophet
AT0000908504,2023-09-18,26.05,25.37,prophet
AT0000908504,2023-09-19,26.0,25.43,prophet
AT0000908504,2023-09-20,26.0,25.43,prophet
AT0000908504,2023-09-21,25.85,25.44,prophet
AT0000908504,2023-09-22,26.05,25.45,prophet
AT0000A21KS2,2023-09-11,17.92,17.95,prophet
AT0000A21KS2,2023-09-12,17.96,18.08,prophet
AT0000A21KS2,2023-09-13,18.04,18.07,prophet
AT0000A21KS2,2023-09-14,18.3,18.11,prophet
AT0000A21KS2,2023-09-15,18.2,18.08,prophet
AT0000A21KS2,2023-09-18,18.18,18.07,prophet
AT0000A21KS2,2023-09-19,18.18,18.14,prophet
AT0000A21KS2,2023-09-20,18.2,18.26,prophet
AT0000A21KS2,2023-09-21,18.18,18.39,prophet
AT0000A21KS2,2023-09-22,18.2,18.38,prophet
AT0000641352,2023-09-11,30.45,30.61,prophet
AT0000641352,2023-09-12,30.35,30.77,prophet
AT0000641352,2023-09-13,30.4,30.94,prophet
AT0000641352,2023-09-14,30.6,31.06,prophet
AT0000641352,2023-09-15,30.45,31.12,prophet
AT0000641352,2023-09-18,30.3,31.17,prophet
AT0000641352,2023-09-19,30.45,31.41,prophet
AT0000641352,2023-09-20,30.8,31.58,prophet
AT0000641352,2023-09-21,30.7,31.75,prophet
AT0000641352,2023-09-22,30.85,31.93,prophet
AT0000821103,2023-09-11,7.55,7.58,prophet
AT0000821103,2023-09-12,7.57,7.67,prophet
AT0000821103,2023-09-13,7.59,7.69,prophet
AT0000821103,2023-09-14,7.55,7.69,prophet
AT0000821103,2023-09-15,7.52,7.71,prophet
AT0000821103,2023-09-18,7.51,7.7,prophet
AT0000821103,2023-09-19,7.51,7.7,prophet
AT0000821103,2023-09-20,7.54,7.79,prophet
AT0000821103,2023-09-21,7.54,7.88,prophet
AT0000821103,2023-09-22,7.57,7.9,prophet
AT0000999982,2023-09-11,3149.33,3123.54,XGBRegressor
AT0000999982,2023-09-12,3164.3,3120.5,XGBRegressor
AT0000999982,2023-09-13,3145.71,3117.59,XGBRegressor
AT0000999982,2023-09-14,3189.45,3110.22,XGBRegressor
AT0000999982,2023-09-15,3182.55,3118.92,XGBRegressor
AT0000999982,2023-09-18,3161.84,3140.79,XGBRegressor
AT0000999982,2023-09-19,3177.7,3171.99,XGBRegressor
AT0000999982,2023-09-20,3211.99,3165.47,XGBRegressor
AT0000999982,2023-09-21,3162.76,3164.03,XGBRegressor
AT0000999982,2023-09-22,3158.91,3150.97,XGBRegressor
AT0000743059,2023-09-11,45.24,45.68,XGBRegressor
AT0000743059,2023-09-12,45.45,46.47,XGBRegressor
AT0000743059,2023-09-13,44.78,46.39,XGBRegressor
AT0000743059,2023-09-14,45.25,46.42,XGBRegressor
AT0000743059,2023-09-15,45.22,46.73,XGBRegressor
AT0000743059,2023-09-18,45.42,46.8,XGBRegressor
AT0000743059,2023-09-19,45.94,46.68,XGBRegressor
AT0000743059,2023-09-20,45.81,46.83,XGBRegressor
AT0000743059,2023-09-21,45.45,47.01,XGBRegressor
AT0000743059,2023-09-22,45.2,47.18,XGBRegressor
AT0000937503,2023-09-11,27.14,26.65,XGBRegressor
AT0000937503,2023-09-12,26.84,26.75,XGBRegressor
AT0000937503,2023-09-13,26.46,26.67,XGBRegressor
AT0000937503,2023-09-14,27.04,26.66,XGBRegressor
AT0000937503,2023-09-15,26.96,26.73,XGBRegressor
AT0000937503,2023-09-18,26.5,26.81,XGBRegressor
AT0000937503,2023-09-19,26.38,26.74,XGBRegressor
AT0000937503,2023-09-20,26.94,26.79,XGBRegressor
AT0000937503,2023-09-21,26.2,26.77,XGBRegressor
AT0000937503,2023-09-22,26.12,26.81,XGBRegressor
AT0000652011,2023-09-11,32.19,32.01,XGBRegressor
AT0000652011,2023-09-12,32.55,31.99,XGBRegressor
AT0000652011,2023-09-13,32.69,32.09,XGBRegressor
AT0000652011,2023-09-14,33.24,32.2,XGBRegressor
AT0000652011,2023-09-15,32.92,32.17,XGBRegressor
AT0000652011,2023-09-18,32.6,32.21,XGBRegressor
AT0000652011,2023-09-19,32.9,32.26,XGBRegressor
AT0000652011,2023-09-20,33.04,32.43,XGBRegressor
AT0000652011,2023-09-21,32.42,32.31,XGBRegressor
AT0000652011,2023-09-22,32.46,32.27,XGBRegressor
AT0000746409,2023-09-11,75.3,74.45,XGBRegressor
AT0000746409,2023-09-12,76.05,74.42,XGBRegressor
AT0000746409,2023-09-13,76.0,75.22,XGBRegressor
AT0000746409,2023-09-14,79.55,75.14,XGBRegressor
AT0000746409,2023-09-15,80.8,75.24,XGBRegressor
AT0000746409,2023-09-18,80.25,75.66,XGBRegressor
AT0000746409,2023-09-19,80.4,75.64,XGBRegressor
AT0000746409,2023-09-20,83.45,75.76,XGBRegressor
AT0000746409,2023-09-21,80.9,75.92,XGBRegressor
AT0000746409,2023-09-22,79.2,75.98,XGBRegressor
AT0000922554,2023-09-11,30.8,31.57,XGBRegressor
AT0000922554,2023-09-12,30.6,31.46,XGBRegressor
AT0000922554,2023-09-13,30.5,31.43,XGBRegressor
AT0000922554,2023-09-14,31.0,31.61,XGBRegressor
AT0000922554,2023-09-15,31.2,31.49,XGBRegressor
AT0000922554,2023-09-18,30.5,31.45,XGBRegressor
AT0000922554,2023-09-19,30.3,31.43,XGBRegressor
AT0000922554,2023-09-20,31.2,31.43,XGBRegressor
AT0000922554,2023-09-21,31.5,31.43,XGBRegressor
AT0000922554,2023-09-22,30.6,31.45,XGBRegressor
AT00000VIE62,2023-09-11,46.3,46.96,XGBRegressor
AT00000VIE62,2023-09-12,46.45,46.99,XGBRegressor
AT00000VIE62,2023-09-13,46.15,47.12,XGBRegressor
AT00000VIE62,2023-09-14,46.15,47.3,XGBRegressor
AT00000VIE62,2023-09-15,47.45,47.76,XGBRegressor
AT00000VIE62,2023-09-18,47.7,47.61,XGBRegressor
AT00000VIE62,2023-09-19,46.8,47.62,XGBRegressor
AT00000VIE62,2023-09-20,46.3,47.43,XGBRegressor
AT00000VIE62,2023-09-21,46.45,47.63,XGBRegressor
AT00000VIE62,2023-09-22,46.8,47.63,XGBRegressor
AT0000741053,2023-09-11,23.25,23.14,XGBRegressor
AT0000741053,2023-09-12,23.35,23.07,XGBRegressor
AT0000741053,2023-09-13,23.4,23.03,XGBRegressor
AT0000741053,2023-09-14,23.7,22.98,XGBRegressor
AT0000741053,2023-09-15,24.3,22.91,XGBRegressor
AT0000741053,2023-09-18,24.0,22.53,XGBRegressor
AT0000741053,2023-09-19,24.3,22.56,XGBRegressor
AT0000741053,2023-09-20,24.7,22.73,XGBRegressor
AT0000741053,2023-09-21,24.7,22.61,XGBRegressor
AT0000741053,2023-09-22,24.75,22.66,XGBRegressor
AT0000785555,2023-09-11,20.2,22.58,XGBRegressor
AT0000785555,2023-09-12,19.68,22.55,XGBRegressor
AT0000785555,2023-09-13,19.22,22.46,XGBRegressor
AT0000785555,2023-09-14,19.7,22.51,XGBRegressor
AT0000785555,2023-09-15,19.1,22.58,XGBRegressor
AT0000785555,2023-09-18,18.56,22.6,XGBRegressor
AT0000785555,2023-09-19,17.98,22.61,XGBRegressor
AT0000785555,2023-09-20,17.66,22.64,XGBRegressor
AT0000785555,2023-09-21,16.7,22.68,XGBRegressor
AT0000785555,2023-09-22,16.78,23.11,XGBRegressor
AT0000831706,2023-09-11,24.5,24.37,XGBRegressor
AT0000831706,2023-09-12,24.52,24.19,XGBRegressor
AT0000831706,2023-09-13,24.32,24.07,XGBRegressor
AT0000831706,2023-09-14,24.44,23.97,XGBRegressor
AT0000831706,2023-09-15,24.72,23.9,XGBRegressor
AT0000831706,2023-09-18,24.42,23.43,XGBRegressor
AT0000831706,2023-09-19,24.26,23.38,XGBRegressor
AT0000831706,2023-09-20,24.4,23.42,XGBRegressor
AT0000831706,2023-09-21,24.02,23.41,XGBRegressor
AT0000831706,2023-09-22,23.84,23.43,XGBRegressor
AT0000644505,2023-09-11,41.3,40.46,XGBRegressor
AT0000644505,2023-09-12,40.8,40.12,XGBRegressor
AT0000644505,2023-09-13,40.8,40.47,XGBRegressor
AT0000644505,2023-09-14,41.9,40.76,XGBRegressor
AT0000644505,2023-09-15,38.8,41.07,XGBRegressor
AT0000644505,2023-09-18,38.15,40.98,XGBRegressor
AT0000644505,2023-09-19,38.75,40.79,XGBRegressor
AT0000644505,2023-09-20,39.85,40.87,XGBRegressor
AT0000644505,2023-09-21,38.75,41.09,XGBRegressor
AT0000644505,2023-09-22,38.65,41.11,XGBRegressor
AT0000758305,2023-09-11,24.0,23.98,XGBRegressor
AT0000758305,2023-09-12,24.0,23.86,XGBRegressor
AT0000758305,2023-09-13,23.95,23.73,XGBRegressor
AT0000758305,2023-09-14,24.05,23.74,XGBRegressor
AT0000758305,2023-09-15,24.0,23.69,XGBRegressor
AT0000758305,2023-09-18,23.85,23.63,XGBRegressor
AT0000758305,2023-09-19,23.1,23.53,XGBRegressor
AT0000758305,2023-09-20,23.2,23.59,XGBRegressor
AT0000758305,2023-09-21,22.75,24.2,XGBRegressor
AT0000758305,2023-09-22,22.7,24.15,XGBRegressor
AT0000938204,2023-09-11,129.2,129.96,XGBRegressor
AT0000938204,2023-09-12,130.0,129.99,XGBRegressor
AT0000938204,2023-09-13,128.4,130.35,XGBRegressor
AT0000938204,2023-09-14,128.2,129.18,XGBRegressor
AT0000938204,2023-09-15,130.0,129.34,XGBRegressor
AT0000938204,2023-09-18,129.8,129.57,XGBRegressor
AT0000938204,2023-09-19,127.6,130.04,XGBRegressor
AT0000938204,2023-09-20,128.0,129.44,XGBRegressor
AT0000938204,2023-09-21,128.6,128.97,XGBRegressor
AT0000938204,2023-09-22,128.0,128.83,XGBRegressor
AT0000908504,2023-09-11,25.65,25.28,XGBRegressor
AT0000908504,2023-09-12,25.9,25.52,XGBRegressor
AT0000908504,2023-09-13,25.8,25.54,XGBRegressor
AT0000908504,2023-09-14,25.65,25.65,XGBRegressor
AT0000908504,2023-09-15,25.8,25.79,XGBRegressor
AT0000908504,2023-09-18,26.05,25.91,XGBRegressor
AT0000908504,2023-09-19,26.0,26.04,XGBRegressor
AT0000908504,2023-09-20,26.0,26.16,XGBRegressor
AT0000908504,2023-09-21,25.85,26.29,XGBRegressor
AT0000908504,2023-09-22,26.05,26.29,XGBRegressor
AT0000A21KS2,2023-09-11,17.92,17.83,XGBRegressor
AT0000A21KS2,2023-09-12,17.96,17.91,XGBRegressor
AT0000A21KS2,2023-09-13,18.04,18.04,XGBRegressor
AT0000A21KS2,2023-09-14,18.3,18.11,XGBRegressor
AT0000A21KS2,2023-09-15,18.2,18.21,XGBRegressor
AT0000A21KS2,2023-09-18,18.18,18.29,XGBRegressor
AT0000A21KS2,2023-09-19,18.18,18.5,XGBRegressor
AT0000A21KS2,2023-09-20,18.2,18.68,XGBRegressor
AT0000A21KS2,2023-09-21,18.18,18.8,XGBRegressor
AT0000A21KS2,2023-09-22,18.2,18.87,XGBRegressor
AT0000641352,2023-09-11,30.45,30.51,XGBRegressor
AT0000641352,2023-09-12,30.35,30.58,XGBRegressor
AT0000641352,2023-09-13,30.4,30.6,XGBRegressor
AT0000641352,2023-09-14,30.6,30.62,XGBRegressor
AT0000641352,2023-09-15,30.45,30.7,XGBRegressor
AT0000641352,2023-09-18,30.3,30.82,XGBRegressor
AT0000641352,2023-09-19,30.45,30.82,XGBRegressor
AT0000641352,2023-09-20,30.8,30.85,XGBRegressor
AT0000641352,2023-09-21,30.7,30.9,XGBRegressor
AT0000641352,2023-09-22,30.85,31.05,XGBRegressor
AT0000821103,2023-09-11,7.55,7.53,XGBRegressor
AT0000821103,2023-09-12,7.57,7.57,XGBRegressor
AT0000821103,2023-09-13,7.59,7.55,XGBRegressor
AT0000821103,2023-09-14,7.55,7.54,XGBRegressor
AT0000821103,2023-09-15,7.52,7.58,XGBRegressor
AT0000821103,2023-09-18,7.51,7.56,XGBRegressor
AT0000821103,2023-09-19,7.51,7.54,XGBRegressor
AT0000821103,2023-09-20,7.54,7.52,XGBRegressor
AT0000821103,2023-09-21,7.54,7.51,XGBRegressor
AT0000821103,2023-09-22,7.57,7.49,XGBRegressor
