ISIN,Date,Return,Price,Model
AT0000999982,2023-09-25,1.000423313607373,3145.02,prod_arima
AT0000999982,2023-09-26,1.000423313607373,3146.35,prod_arima
AT0000999982,2023-09-27,1.000423313607373,3147.68,prod_arima
AT0000999982,2023-09-28,1.000423313607373,3149.02,prod_arima
AT0000999982,2023-09-29,1.000423313607373,3150.35,prod_arima
AT0000999982,2023-10-02,1.000423313607373,3151.68,prod_arima
AT0000999982,2023-10-03,1.000423313607373,3153.02,prod_arima
AT0000999982,2023-10-04,1.000423313607373,3154.35,prod_arima
AT0000999982,2023-10-05,1.000423313607373,3155.69,prod_arima
AT0000999982,2023-10-06,1.000423313607373,3157.02,prod_arima
AT0000743059,2023-09-25,1.0005711107391562,45.34,prod_arima
AT0000743059,2023-09-26,1.0005711107391562,45.36,prod_arima
AT0000743059,2023-09-27,1.0005711107391562,45.39,prod_arima
AT0000743059,2023-09-28,1.0005711107391562,45.41,prod_arima
AT0000743059,2023-09-29,1.0005711107391562,45.44,prod_arima
AT0000743059,2023-10-02,1.0005711107391562,45.47,prod_arima
AT0000743059,2023-10-03,1.0005711107391562,45.49,prod_arima
AT0000743059,2023-10-04,1.0005711107391562,45.52,prod_arima
AT0000743059,2023-10-05,1.0005711107391562,45.54,prod_arima
AT0000743059,2023-10-06,1.0005711107391562,45.57,prod_arima
AT0000937503,2023-09-25,0.9979220498579041,26.8,prod_arima
AT0000937503,2023-09-26,0.9979220498579041,26.75,prod_arima
AT0000937503,2023-09-27,0.9979220498579041,26.69,prod_arima
AT0000937503,2023-09-28,0.9979220498579041,26.64,prod_arima
AT0000937503,2023-09-29,0.9979220498579041,26.58,prod_arima
AT0000937503,2023-10-02,0.9979220498579041,26.53,prod_arima
AT0000937503,2023-10-03,0.9979220498579041,26.47,prod_arima
AT0000937503,2023-10-04,0.9979220498579041,26.42,prod_arima
AT0000937503,2023-10-05,0.9979220498579041,26.36,prod_arima
AT0000937503,2023-10-06,0.9979220498579041,26.31,prod_arima
AT0000652011,2023-09-25,1.00104659449923,32.11,prod_arima
AT0000652011,2023-09-26,1.00104659449923,32.15,prod_arima
AT0000652011,2023-09-27,1.00104659449923,32.18,prod_arima
AT0000652011,2023-09-28,1.00104659449923,32.21,prod_arima
AT0000652011,2023-09-29,1.00104659449923,32.25,prod_arima
AT0000652011,2023-10-02,1.00104659449923,32.28,prod_arima
AT0000652011,2023-10-03,1.00104659449923,32.32,prod_arima
AT0000652011,2023-10-04,1.00104659449923,32.35,prod_arima
AT0000652011,2023-10-05,1.00104659449923,32.38,prod_arima
AT0000652011,2023-10-06,1.00104659449923,32.42,prod_arima
AT0000746409,2023-09-25,0.9996287400422759,75.22,prod_arima
AT0000746409,2023-09-26,0.9996287400422759,75.19,prod_arima
AT0000746409,2023-09-27,0.9996287400422759,75.17,prod_arima
AT0000746409,2023-09-28,0.9996287400422759,75.14,prod_arima
AT0000746409,2023-09-29,0.9996287400422759,75.11,prod_arima
AT0000746409,2023-10-02,0.9996287400422759,75.08,prod_arima
AT0000746409,2023-10-03,0.9996287400422759,75.05,prod_arima
AT0000746409,2023-10-04,0.9996287400422759,75.03,prod_arima
AT0000746409,2023-10-05,0.9996287400422759,75.0,prod_arima
AT0000746409,2023-10-06,0.9996287400422759,74.97,prod_arima
AT0000922554,2023-09-25,0.9980036866816618,31.34,prod_arima
AT0000922554,2023-09-26,0.999991780675048,31.34,prod_arima
AT0000922554,2023-09-27,0.999991780675048,31.34,prod_arima
AT0000922554,2023-09-28,0.999991780675048,31.34,prod_arima
AT0000922554,2023-09-29,0.999991780675048,31.34,prod_arima
AT0000922554,2023-10-02,0.999991780675048,31.34,prod_arima
AT0000922554,2023-10-03,0.999991780675048,31.34,prod_arima
AT0000922554,2023-10-04,0.999991780675048,31.34,prod_arima
AT0000922554,2023-10-05,0.999991780675048,31.34,prod_arima
AT0000922554,2023-10-06,0.999991780675048,31.33,prod_arima
AT00000VIE62,2023-09-25,1.0016337204209986,46.98,prod_arima
AT00000VIE62,2023-09-26,1.0013429418902664,47.04,prod_arima
AT00000VIE62,2023-09-27,1.0013429418902664,47.1,prod_arima
AT00000VIE62,2023-09-28,1.0013429418902664,47.17,prod_arima
AT00000VIE62,2023-09-29,1.0013429418902664,47.23,prod_arima
AT00000VIE62,2023-10-02,1.0013429418902664,47.29,prod_arima
AT00000VIE62,2023-10-03,1.0013429418902664,47.36,prod_arima
AT00000VIE62,2023-10-04,1.0013429418902664,47.42,prod_arima
AT00000VIE62,2023-10-05,1.0013429418902664,47.48,prod_arima
AT00000VIE62,2023-10-06,1.0013429418902664,47.55,prod_arima
AT0000741053,2023-09-25,1.0012608125575766,23.08,prod_arima
AT0000741053,2023-09-26,1.0012608125575766,23.11,prod_arima
AT0000741053,2023-09-27,1.0012608125575766,23.14,prod_arima
AT0000741053,2023-09-28,1.0012608125575766,23.17,prod_arima
AT0000741053,2023-09-29,1.0012608125575766,23.2,prod_arima
AT0000741053,2023-10-02,1.0012608125575766,23.22,prod_arima
AT0000741053,2023-10-03,1.0012608125575766,23.25,prod_arima
AT0000741053,2023-10-04,1.0012608125575766,23.28,prod_arima
AT0000741053,2023-10-05,1.0012608125575766,23.31,prod_arima
AT0000741053,2023-10-06,1.0012608125575766,23.34,prod_arima
AT0000785555,2023-09-25,1.0038234030195425,22.64,prod_arima
AT0000785555,2023-09-26,0.9927322145390478,22.47,prod_arima
AT0000785555,2023-09-27,1.0008964164830665,22.49,prod_arima
AT0000785555,2023-09-28,0.9986859366444983,22.46,prod_arima
AT0000785555,2023-09-29,0.9998856101631408,22.46,prod_arima
AT0000785555,2023-10-02,0.9994939260348582,22.45,prod_arima
AT0000785555,2023-10-03,0.9996774208666381,22.44,prod_arima
AT0000785555,2023-10-04,0.9996112851117238,22.43,prod_arima
AT0000785555,2023-10-05,0.999640044883277,22.42,prod_arima
AT0000785555,2023-10-06,0.9996291272077176,22.42,prod_arima
AT0000831706,2023-09-25,1.0004014011638622,24.47,prod_arima
AT0000831706,2023-09-26,1.0004014011638622,24.48,prod_arima
AT0000831706,2023-09-27,1.0004014011638622,24.49,prod_arima
AT0000831706,2023-09-28,1.0004014011638622,24.5,prod_arima
AT0000831706,2023-09-29,1.0004014011638622,24.51,prod_arima
AT0000831706,2023-10-02,1.0004014011638622,24.52,prod_arima
AT0000831706,2023-10-03,1.0004014011638622,24.53,prod_arima
AT0000831706,2023-10-04,1.0004014011638622,24.54,prod_arima
AT0000831706,2023-10-05,1.0004014011638622,24.55,prod_arima
AT0000831706,2023-10-06,1.0004014011638622,24.56,prod_arima
AT0000644505,2023-09-25,0.998694779723178,40.6,prod_arima
AT0000644505,2023-09-26,0.998694779723178,40.54,prod_arima
AT0000644505,2023-09-27,0.998694779723178,40.49,prod_arima
AT0000644505,2023-09-28,0.998694779723178,40.44,prod_arima
AT0000644505,2023-09-29,0.998694779723178,40.39,prod_arima
AT0000644505,2023-10-02,0.998694779723178,40.33,prod_arima
AT0000644505,2023-10-03,0.998694779723178,40.28,prod_arima
AT0000644505,2023-10-04,0.998694779723178,40.23,prod_arima
AT0000644505,2023-10-05,0.998694779723178,40.17,prod_arima
AT0000644505,2023-10-06,0.998694779723178,40.12,prod_arima
AT0000758305,2023-09-25,0.9984655813511469,23.91,prod_arima
AT0000758305,2023-09-26,0.9940164637502966,23.77,prod_arima
AT0000758305,2023-09-27,0.9951153170645556,23.65,prod_arima
AT0000758305,2023-09-28,0.99484335001918,23.53,prod_arima
AT0000758305,2023-09-29,0.9949106271762094,23.41,prod_arima
AT0000758305,2023-10-02,0.994893982524883,23.29,prod_arima
AT0000758305,2023-10-03,0.9948981003508459,23.17,prod_arima
AT0000758305,2023-10-04,0.9948970816077382,23.06,prod_arima
AT0000758305,2023-10-05,0.9948973336425527,22.94,prod_arima
AT0000758305,2023-10-06,0.9948972712896613,22.82,prod_arima
AT0000938204,2023-09-25,0.9998706148435936,130.38,prod_arima
AT0000938204,2023-09-26,0.9998706148435936,130.37,prod_arima
AT0000938204,2023-09-27,0.9998706148435936,130.35,prod_arima
AT0000938204,2023-09-28,0.9998706148435936,130.33,prod_arima
AT0000938204,2023-09-29,0.9998706148435936,130.32,prod_arima
AT0000938204,2023-10-02,0.9998706148435936,130.3,prod_arima
AT0000938204,2023-10-03,0.9998706148435936,130.28,prod_arima
AT0000938204,2023-10-04,0.9998706148435936,130.27,prod_arima
AT0000938204,2023-10-05,0.9998706148435936,130.25,prod_arima
AT0000938204,2023-10-06,0.9998706148435936,130.23,prod_arima
AT0000908504,2023-09-25,1.0005339705551535,25.36,prod_arima
AT0000908504,2023-09-26,1.0005339705551535,25.38,prod_arima
AT0000908504,2023-09-27,1.0005339705551535,25.39,prod_arima
AT0000908504,2023-09-28,1.0005339705551535,25.4,prod_arima
AT0000908504,2023-09-29,1.0005339705551535,25.42,prod_arima
AT0000908504,2023-10-02,1.0005339705551535,25.43,prod_arima
AT0000908504,2023-10-03,1.0005339705551535,25.44,prod_arima
AT0000908504,2023-10-04,1.0005339705551535,25.46,prod_arima
AT0000908504,2023-10-05,1.0005339705551535,25.47,prod_arima
AT0000908504,2023-10-06,1.0005339705551535,25.49,prod_arima
AT0000A21KS2,2023-09-25,1.0010719443368612,17.84,prod_arima
AT0000A21KS2,2023-09-26,1.0010719443368612,17.86,prod_arima
AT0000A21KS2,2023-09-27,1.0010719443368612,17.88,prod_arima
AT0000A21KS2,2023-09-28,1.0010719443368612,17.9,prod_arima
AT0000A21KS2,2023-09-29,1.0010719443368612,17.92,prod_arima
AT0000A21KS2,2023-10-02,1.0010719443368612,17.93,prod_arima
AT0000A21KS2,2023-10-03,1.0010719443368612,17.95,prod_arima
AT0000A21KS2,2023-10-04,1.0010719443368612,17.97,prod_arima
AT0000A21KS2,2023-10-05,1.0010719443368612,17.99,prod_arima
AT0000A21KS2,2023-10-06,1.0010719443368612,18.01,prod_arima
AT0000641352,2023-09-25,0.999572350795852,30.44,prod_arima
AT0000641352,2023-09-26,0.9998908369013528,30.43,prod_arima
AT0000641352,2023-09-27,0.9999267675065223,30.43,prod_arima
AT0000641352,2023-09-28,0.9999308204474948,30.43,prod_arima
AT0000641352,2023-09-29,0.9999312776075977,30.43,prod_arima
AT0000641352,2023-10-02,0.9999313291738413,30.43,prod_arima
AT0000641352,2023-10-03,0.9999313349903526,30.42,prod_arima
AT0000641352,2023-10-04,0.9999313356464369,30.42,prod_arima
AT0000641352,2023-10-05,0.9999313357204411,30.42,prod_arima
AT0000641352,2023-10-06,0.9999313357287886,30.42,prod_arima
AT0000821103,2023-09-25,1.0013104362917562,7.51,prod_arima
AT0000821103,2023-09-26,1.0002747834731625,7.51,prod_arima
AT0000821103,2023-09-27,1.0004932805652307,7.52,prod_arima
AT0000821103,2023-09-28,1.0004932805652307,7.52,prod_arima
AT0000821103,2023-09-29,1.0004932805652307,7.52,prod_arima
AT0000821103,2023-10-02,1.0004932805652307,7.53,prod_arima
AT0000821103,2023-10-03,1.0004932805652307,7.53,prod_arima
AT0000821103,2023-10-04,1.0004932805652307,7.53,prod_arima
AT0000821103,2023-10-05,1.0004932805652307,7.54,prod_arima
AT0000821103,2023-10-06,1.0004932805652307,7.54,prod_arima
AT0000999982,2023-09-25,1.0001002259873208,3144.01,prod_exponential_smoothing
AT0000999982,2023-09-26,1.000097063208919,3144.31,prod_exponential_smoothing
AT0000999982,2023-09-27,1.000093900440519,3144.61,prod_exponential_smoothing
AT0000999982,2023-09-28,1.0000907376821213,3144.89,prod_exponential_smoothing
AT0000999982,2023-09-29,1.0000875749337255,3145.17,prod_exponential_smoothing
AT0000999982,2023-10-02,1.000084412195332,3145.43,prod_exponential_smoothing
AT0000999982,2023-10-03,1.0000812494669404,3145.69,prod_exponential_smoothing
AT0000999982,2023-10-04,1.000078086748551,3145.93,prod_exponential_smoothing
AT0000999982,2023-10-05,1.0000749240401634,3146.17,prod_exponential_smoothing
AT0000999982,2023-10-06,1.0000717613417776,3146.39,prod_exponential_smoothing
AT0000743059,2023-09-25,1.0004695910184644,45.33,prod_exponential_smoothing
AT0000743059,2023-09-26,1.0004678318007958,45.35,prod_exponential_smoothing
AT0000743059,2023-09-27,1.000466072586221,45.37,prod_exponential_smoothing
AT0000743059,2023-09-28,1.000464313374739,45.39,prod_exponential_smoothing
AT0000743059,2023-09-29,1.000462554166351,45.42,prod_exponential_smoothing
AT0000743059,2023-10-02,1.000460794961056,45.44,prod_exponential_smoothing
AT0000743059,2023-10-03,1.0004590357588543,45.46,prod_exponential_smoothing
AT0000743059,2023-10-04,1.0004572765597461,45.48,prod_exponential_smoothing
AT0000743059,2023-10-05,1.0004555173637313,45.5,prod_exponential_smoothing
AT0000743059,2023-10-06,1.00045375817081,45.52,prod_exponential_smoothing
AT0000937503,2023-09-25,0.9973536219487991,26.79,prod_exponential_smoothing
AT0000937503,2023-09-26,0.9973391964268095,26.72,prod_exponential_smoothing
AT0000937503,2023-09-27,0.9973250089257124,26.65,prod_exponential_smoothing
AT0000937503,2023-09-28,0.9973110118735674,26.57,prod_exponential_smoothing
AT0000937503,2023-09-29,0.9972971672134597,26.5,prod_exponential_smoothing
AT0000937503,2023-10-02,0.997283444500345,26.43,prod_exponential_smoothing
AT0000937503,2023-10-03,0.9972698193785655,26.36,prod_exponential_smoothing
AT0000937503,2023-10-04,0.9972562723638875,26.29,prod_exponential_smoothing
AT0000937503,2023-10-05,0.9972427878691524,26.21,prod_exponential_smoothing
AT0000937503,2023-10-06,0.9972293534248129,26.14,prod_exponential_smoothing
AT0000652011,2023-09-25,1.000530415764178,32.1,prod_exponential_smoothing
AT0000652011,2023-09-26,1.0005250610965004,32.11,prod_exponential_smoothing
AT0000652011,2023-09-27,1.0005197064574805,32.13,prod_exponential_smoothing
AT0000652011,2023-09-28,1.0005143518471173,32.15,prod_exponential_smoothing
AT0000652011,2023-09-29,1.0005089972654115,32.16,prod_exponential_smoothing
AT0000652011,2023-10-02,1.0005036427123621,32.18,prod_exponential_smoothing
AT0000652011,2023-10-03,1.0004982881879696,32.2,prod_exponential_smoothing
AT0000652011,2023-10-04,1.0004929336922337,32.21,prod_exponential_smoothing
AT0000652011,2023-10-05,1.000487579225154,32.23,prod_exponential_smoothing
AT0000652011,2023-10-06,1.0004822247867304,32.24,prod_exponential_smoothing
AT0000746409,2023-09-25,1.0004336608755096,75.28,prod_exponential_smoothing
AT0000746409,2023-09-26,1.000438790947943,75.32,prod_exponential_smoothing
AT0000746409,2023-09-27,1.000443921045926,75.35,prod_exponential_smoothing
AT0000746409,2023-09-28,1.0004490511695037,75.38,prod_exponential_smoothing
AT0000746409,2023-09-29,1.000454181318719,75.42,prod_exponential_smoothing
AT0000746409,2023-10-02,1.0004593114936127,75.45,prod_exponential_smoothing
AT0000746409,2023-10-03,1.000464441694222,75.49,prod_exponential_smoothing
AT0000746409,2023-10-04,1.000469571920583,75.52,prod_exponential_smoothing
AT0000746409,2023-10-05,1.0004747021727285,75.56,prod_exponential_smoothing
AT0000746409,2023-10-06,1.0004798324506905,75.59,prod_exponential_smoothing
AT0000922554,2023-09-25,1.0000566495574867,31.4,prod_exponential_smoothing
AT0000922554,2023-09-26,1.0000563940225147,31.4,prod_exponential_smoothing
AT0000922554,2023-09-27,1.0000561384876077,31.41,prod_exponential_smoothing
AT0000922554,2023-09-28,1.0000558829527662,31.41,prod_exponential_smoothing
AT0000922554,2023-09-29,1.00005562741799,31.41,prod_exponential_smoothing
AT0000922554,2023-10-02,1.000055371883279,31.41,prod_exponential_smoothing
AT0000922554,2023-10-03,1.0000551163486333,31.41,prod_exponential_smoothing
AT0000922554,2023-10-04,1.000054860814053,31.41,prod_exponential_smoothing
AT0000922554,2023-10-05,1.0000546052795378,31.42,prod_exponential_smoothing
AT0000922554,2023-10-06,1.0000543497450882,31.42,prod_exponential_smoothing
AT00000VIE62,2023-09-25,1.0015348288145687,46.97,prod_exponential_smoothing
AT00000VIE62,2023-09-26,1.0015352983098043,47.04,prod_exponential_smoothing
AT00000VIE62,2023-09-27,1.0015357669253704,47.12,prod_exponential_smoothing
AT00000VIE62,2023-09-28,1.001536234682322,47.19,prod_exponential_smoothing
AT00000VIE62,2023-09-29,1.0015367016012093,47.26,prod_exponential_smoothing
AT00000VIE62,2023-10-02,1.0015371677020921,47.33,prod_exponential_smoothing
AT00000VIE62,2023-10-03,1.0015376330045491,47.41,prod_exponential_smoothing
AT00000VIE62,2023-10-04,1.001538097527691,47.48,prod_exponential_smoothing
AT00000VIE62,2023-10-05,1.0015385612901708,47.55,prod_exponential_smoothing
AT00000VIE62,2023-10-06,1.0015390243101956,47.63,prod_exponential_smoothing
AT0000741053,2023-09-25,1.0018668613615094,23.09,prod_exponential_smoothing
AT0000741053,2023-09-26,1.001870395424249,23.14,prod_exponential_smoothing
AT0000741053,2023-09-27,1.0018739294994548,23.18,prod_exponential_smoothing
AT0000741053,2023-09-28,1.001877463587127,23.22,prod_exponential_smoothing
AT0000741053,2023-09-29,1.0018809976872658,23.27,prod_exponential_smoothing
AT0000741053,2023-10-02,1.0018845317998708,23.31,prod_exponential_smoothing
AT0000741053,2023-10-03,1.0018880659249425,23.35,prod_exponential_smoothing
AT0000741053,2023-10-04,1.0018916000624807,23.4,prod_exponential_smoothing
AT0000741053,2023-10-05,1.0018951342124853,23.44,prod_exponential_smoothing
AT0000741053,2023-10-06,1.0018986683749567,23.49,prod_exponential_smoothing
AT0000785555,2023-09-25,0.9982639119231768,22.51,prod_exponential_smoothing
AT0000785555,2023-09-26,0.9982524736662657,22.47,prod_exponential_smoothing
AT0000785555,2023-09-27,0.9982410355404157,22.43,prod_exponential_smoothing
AT0000785555,2023-09-28,0.9982295975456253,22.39,prod_exponential_smoothing
AT0000785555,2023-09-29,0.9982181596818935,22.35,prod_exponential_smoothing
AT0000785555,2023-10-02,0.9982067219492182,22.31,prod_exponential_smoothing
AT0000785555,2023-10-03,0.9981952843475983,22.27,prod_exponential_smoothing
AT0000785555,2023-10-04,0.9981838468770321,22.23,prod_exponential_smoothing
AT0000785555,2023-10-05,0.9981724095375182,22.19,prod_exponential_smoothing
AT0000785555,2023-10-06,0.9981609723290549,22.15,prod_exponential_smoothing
AT0000831706,2023-09-25,0.9995067515149645,24.45,prod_exponential_smoothing
AT0000831706,2023-09-26,0.9994992184358573,24.44,prod_exponential_smoothing
AT0000831706,2023-09-27,0.9994916854135253,24.42,prod_exponential_smoothing
AT0000831706,2023-09-28,0.9994841524479682,24.41,prod_exponential_smoothing
AT0000831706,2023-09-29,0.9994766195391854,24.4,prod_exponential_smoothing
AT0000831706,2023-10-02,0.9994690866871768,24.38,prod_exponential_smoothing
AT0000831706,2023-10-03,0.9994615538919416,24.37,prod_exponential_smoothing
AT0000831706,2023-10-04,0.9994540211534796,24.36,prod_exponential_smoothing
AT0000831706,2023-10-05,0.9994464884717904,24.35,prod_exponential_smoothing
AT0000831706,2023-10-06,0.9994389558468735,24.33,prod_exponential_smoothing
AT0000644505,2023-09-25,0.9981860078071246,40.58,prod_exponential_smoothing
AT0000644505,2023-09-26,0.9981801038692382,40.5,prod_exponential_smoothing
AT0000644505,2023-09-27,0.9981741999662714,40.43,prod_exponential_smoothing
AT0000644505,2023-09-28,0.9981682960982244,40.35,prod_exponential_smoothing
AT0000644505,2023-09-29,0.9981623922650965,40.28,prod_exponential_smoothing
AT0000644505,2023-10-02,0.9981564884668879,40.21,prod_exponential_smoothing
AT0000644505,2023-10-03,0.9981505847035984,40.13,prod_exponential_smoothing
AT0000644505,2023-10-04,0.9981446809752275,40.06,prod_exponential_smoothing
AT0000644505,2023-10-05,0.9981387772817752,39.98,prod_exponential_smoothing
AT0000644505,2023-10-06,0.9981328736232413,39.91,prod_exponential_smoothing
AT0000758305,2023-09-25,0.9986031117065295,23.92,prod_exponential_smoothing
AT0000758305,2023-09-26,0.9985937481242944,23.88,prod_exponential_smoothing
AT0000758305,2023-09-27,0.9985843846298587,23.85,prod_exponential_smoothing
AT0000758305,2023-09-28,0.9985750212232215,23.82,prod_exponential_smoothing
AT0000758305,2023-09-29,0.9985656579043817,23.78,prod_exponential_smoothing
AT0000758305,2023-10-02,0.9985562946733391,23.75,prod_exponential_smoothing
AT0000758305,2023-10-03,0.9985469315300923,23.71,prod_exponential_smoothing
AT0000758305,2023-10-04,0.9985375684746408,23.68,prod_exponential_smoothing
AT0000758305,2023-10-05,0.9985282055069837,23.64,prod_exponential_smoothing
AT0000758305,2023-10-06,0.9985188426271201,23.61,prod_exponential_smoothing
AT0000938204,2023-09-25,0.9986403785685165,130.22,prod_exponential_smoothing
AT0000938204,2023-09-26,0.998633859145536,130.04,prod_exponential_smoothing
AT0000938204,2023-09-27,0.9986273493245499,129.87,prod_exponential_smoothing
AT0000938204,2023-09-28,0.9986208489685191,129.69,prod_exponential_smoothing
AT0000938204,2023-09-29,0.9986143579423682,129.51,prod_exponential_smoothing
AT0000938204,2023-10-02,0.9986078761129563,129.33,prod_exponential_smoothing
AT0000938204,2023-10-03,0.9986014033490498,129.15,prod_exponential_smoothing
AT0000938204,2023-10-04,0.9985949395212947,128.96,prod_exponential_smoothing
AT0000938204,2023-10-05,0.9985884845021901,128.78,prod_exponential_smoothing
AT0000938204,2023-10-06,0.9985820381660615,128.6,prod_exponential_smoothing
AT0000908504,2023-09-25,1.0006581151325311,25.37,prod_exponential_smoothing
AT0000908504,2023-09-26,1.000658060833597,25.38,prod_exponential_smoothing
AT0000908504,2023-09-27,1.000658006534666,25.4,prod_exponential_smoothing
AT0000908504,2023-09-28,1.000657952235738,25.42,prod_exponential_smoothing
AT0000908504,2023-09-29,1.0006578979368128,25.43,prod_exponential_smoothing
AT0000908504,2023-10-02,1.0006578436378903,25.45,prod_exponential_smoothing
AT0000908504,2023-10-03,1.0006577893389712,25.47,prod_exponential_smoothing
AT0000908504,2023-10-04,1.0006577350400547,25.48,prod_exponential_smoothing
AT0000908504,2023-10-05,1.0006576807411416,25.5,prod_exponential_smoothing
AT0000908504,2023-10-06,1.000657626442231,25.52,prod_exponential_smoothing
AT0000A21KS2,2023-09-25,1.0022302458038177,17.86,prod_exponential_smoothing
AT0000A21KS2,2023-09-26,1.0022373920379517,17.9,prod_exponential_smoothing
AT0000A21KS2,2023-09-27,1.0022445383230405,17.94,prod_exponential_smoothing
AT0000A21KS2,2023-09-28,1.0022516846590848,17.98,prod_exponential_smoothing
AT0000A21KS2,2023-09-29,1.002258831046085,18.02,prod_exponential_smoothing
AT0000A21KS2,2023-10-02,1.0022659774840412,18.06,prod_exponential_smoothing
AT0000A21KS2,2023-10-03,1.0022731239729539,18.1,prod_exponential_smoothing
AT0000A21KS2,2023-10-04,1.0022802705128235,18.14,prod_exponential_smoothing
AT0000A21KS2,2023-10-05,1.0022874171036502,18.19,prod_exponential_smoothing
AT0000A21KS2,2023-10-06,1.0022945637454344,18.23,prod_exponential_smoothing
AT0000641352,2023-09-25,1.000800570106277,30.47,prod_exponential_smoothing
AT0000641352,2023-09-26,1.0008064995898962,30.5,prod_exponential_smoothing
AT0000641352,2023-09-27,1.000812429108646,30.52,prod_exponential_smoothing
AT0000641352,2023-09-28,1.0008183586625268,30.55,prod_exponential_smoothing
AT0000641352,2023-09-29,1.0008242882515386,30.57,prod_exponential_smoothing
AT0000641352,2023-10-02,1.0008302178756814,30.6,prod_exponential_smoothing
AT0000641352,2023-10-03,1.000836147534956,30.62,prod_exponential_smoothing
AT0000641352,2023-10-04,1.0008420772293625,30.65,prod_exponential_smoothing
AT0000641352,2023-10-05,1.0008480069589005,30.68,prod_exponential_smoothing
AT0000641352,2023-10-06,1.0008539367235707,30.7,prod_exponential_smoothing
AT0000821103,2023-09-25,1.0000455662456358,7.5,prod_exponential_smoothing
AT0000821103,2023-09-26,1.0000424261501109,7.5,prod_exponential_smoothing
AT0000821103,2023-09-27,1.0000392681658083,7.5,prod_exponential_smoothing
AT0000821103,2023-09-28,1.0000360958726138,7.5,prod_exponential_smoothing
AT0000821103,2023-09-29,1.0000329121344274,7.5,prod_exponential_smoothing
AT0000821103,2023-10-02,1.000029719242362,7.5,prod_exponential_smoothing
AT0000821103,2023-10-03,1.0000265190293023,7.5,prod_exponential_smoothing
AT0000821103,2023-10-04,1.0000233129615517,7.5,prod_exponential_smoothing
AT0000821103,2023-10-05,1.0000201022121493,7.5,prod_exponential_smoothing
AT0000821103,2023-10-06,1.0000168877195232,7.5,prod_exponential_smoothing
AT0000999982,2023-09-25,1.0006246902213574,3145.65,prod_LGBMRegressor
AT0000999982,2023-09-26,0.999423971391786,3143.84,prod_LGBMRegressor
AT0000999982,2023-09-27,0.99800947760464,3137.58,prod_LGBMRegressor
AT0000999982,2023-09-28,0.9993265353678344,3135.47,prod_LGBMRegressor
AT0000999982,2023-09-29,0.9987998308160121,3131.71,prod_LGBMRegressor
AT0000999982,2023-10-02,1.0013623591141896,3135.97,prod_LGBMRegressor
AT0000999982,2023-10-03,1.00232708619441,3143.27,prod_LGBMRegressor
AT0000999982,2023-10-04,1.002953566304674,3152.56,prod_LGBMRegressor
AT0000999982,2023-10-05,1.0029398145161388,3161.82,prod_LGBMRegressor
AT0000999982,2023-10-06,1.0016443070273056,3167.02,prod_LGBMRegressor
AT0000743059,2023-09-25,1.0002112452938472,45.32,prod_LGBMRegressor
AT0000743059,2023-09-26,1.001577782452007,45.39,prod_LGBMRegressor
AT0000743059,2023-09-27,1.0019409891421516,45.48,prod_LGBMRegressor
AT0000743059,2023-09-28,1.0013380007864425,45.54,prod_LGBMRegressor
AT0000743059,2023-09-29,1.0004924241778643,45.56,prod_LGBMRegressor
AT0000743059,2023-10-02,1.0017302157910895,45.64,prod_LGBMRegressor
AT0000743059,2023-10-03,1.0022310884463703,45.74,prod_LGBMRegressor
AT0000743059,2023-10-04,1.0013882848966398,45.81,prod_LGBMRegressor
AT0000743059,2023-10-05,1.0019501573970249,45.9,prod_LGBMRegressor
AT0000743059,2023-10-06,1.001874346062704,45.98,prod_LGBMRegressor
AT0000937503,2023-09-25,1.0069673710964877,27.05,prod_LGBMRegressor
AT0000937503,2023-09-26,1.000357366758715,27.06,prod_LGBMRegressor
AT0000937503,2023-09-27,0.9955300941789809,26.94,prod_LGBMRegressor
AT0000937503,2023-09-28,0.9980301518888102,26.88,prod_LGBMRegressor
AT0000937503,2023-09-29,1.0017845345347305,26.93,prod_LGBMRegressor
AT0000937503,2023-10-02,1.0015476340515805,26.97,prod_LGBMRegressor
AT0000937503,2023-10-03,0.9958525976407112,26.86,prod_LGBMRegressor
AT0000937503,2023-10-04,1.0003676355787758,26.87,prod_LGBMRegressor
AT0000937503,2023-10-05,1.0053931263938625,27.02,prod_LGBMRegressor
AT0000937503,2023-10-06,1.0035492275718294,27.11,prod_LGBMRegressor
AT0000652011,2023-09-25,0.9976437952771133,32.0,prod_LGBMRegressor
AT0000652011,2023-09-26,1.0023806833345332,32.08,prod_LGBMRegressor
AT0000652011,2023-09-27,0.9999266508217352,32.08,prod_LGBMRegressor
AT0000652011,2023-09-28,1.00250219193543,32.16,prod_LGBMRegressor
AT0000652011,2023-09-29,1.001327139854836,32.2,prod_LGBMRegressor
AT0000652011,2023-10-02,1.0030209011822004,32.3,prod_LGBMRegressor
AT0000652011,2023-10-03,1.0020082657589475,32.36,prod_LGBMRegressor
AT0000652011,2023-10-04,1.0029375176753699,32.46,prod_LGBMRegressor
AT0000652011,2023-10-05,1.0028154178159758,32.55,prod_LGBMRegressor
AT0000652011,2023-10-06,1.0024070374818832,32.63,prod_LGBMRegressor
AT0000746409,2023-09-25,0.9976419880919145,75.07,prod_LGBMRegressor
AT0000746409,2023-09-26,1.0019315481137017,75.22,prod_LGBMRegressor
AT0000746409,2023-09-27,0.9963483396614485,74.94,prod_LGBMRegressor
AT0000746409,2023-09-28,1.0035287677588938,75.21,prod_LGBMRegressor
AT0000746409,2023-09-29,1.0033696461745045,75.46,prod_LGBMRegressor
AT0000746409,2023-10-02,1.0014056444533324,75.57,prod_LGBMRegressor
AT0000746409,2023-10-03,1.002980940114589,75.79,prod_LGBMRegressor
AT0000746409,2023-10-04,1.0045955954098673,76.14,prod_LGBMRegressor
AT0000746409,2023-10-05,1.0053634922006176,76.55,prod_LGBMRegressor
AT0000746409,2023-10-06,1.0074546830530406,77.12,prod_LGBMRegressor
AT0000922554,2023-09-25,0.9968518232943087,31.3,prod_LGBMRegressor
AT0000922554,2023-09-26,0.9909736770467896,31.02,prod_LGBMRegressor
AT0000922554,2023-09-27,0.9996596716437796,31.01,prod_LGBMRegressor
AT0000922554,2023-09-28,1.0037750477121845,31.13,prod_LGBMRegressor
AT0000922554,2023-09-29,0.9971582432140373,31.04,prod_LGBMRegressor
AT0000922554,2023-10-02,0.9986501259641343,30.99,prod_LGBMRegressor
AT0000922554,2023-10-03,0.9985060097293179,30.95,prod_LGBMRegressor
AT0000922554,2023-10-04,1.001821941931036,31.0,prod_LGBMRegressor
AT0000922554,2023-10-05,1.0037913529476925,31.12,prod_LGBMRegressor
AT0000922554,2023-10-06,1.0028535216165795,31.21,prod_LGBMRegressor
AT00000VIE62,2023-09-25,1.0040094005700224,47.09,prod_LGBMRegressor
AT00000VIE62,2023-09-26,1.0016228718347826,47.16,prod_LGBMRegressor
AT00000VIE62,2023-09-27,1.0003168205629955,47.18,prod_LGBMRegressor
AT00000VIE62,2023-09-28,1.0011444767304172,47.23,prod_LGBMRegressor
AT00000VIE62,2023-09-29,1.0011885855722962,47.29,prod_LGBMRegressor
AT00000VIE62,2023-10-02,1.0005078057916035,47.31,prod_LGBMRegressor
AT00000VIE62,2023-10-03,1.0014100741674608,47.38,prod_LGBMRegressor
AT00000VIE62,2023-10-04,1.0023620705853615,47.49,prod_LGBMRegressor
AT00000VIE62,2023-10-05,1.0024888784018051,47.61,prod_LGBMRegressor
AT00000VIE62,2023-10-06,1.0040067973884035,47.8,prod_LGBMRegressor
AT0000741053,2023-09-25,1.00397110425181,23.14,prod_LGBMRegressor
AT0000741053,2023-09-26,0.997332962102413,23.08,prod_LGBMRegressor
AT0000741053,2023-09-27,0.9994435645008276,23.07,prod_LGBMRegressor
AT0000741053,2023-09-28,1.002806487918462,23.13,prod_LGBMRegressor
AT0000741053,2023-09-29,1.002444692219203,23.19,prod_LGBMRegressor
AT0000741053,2023-10-02,1.0018355030535497,23.23,prod_LGBMRegressor
AT0000741053,2023-10-03,1.0028573071872884,23.3,prod_LGBMRegressor
AT0000741053,2023-10-04,1.0062293691850739,23.44,prod_LGBMRegressor
AT0000741053,2023-10-05,0.9984298518656354,23.41,prod_LGBMRegressor
AT0000741053,2023-10-06,1.0008782678584713,23.43,prod_LGBMRegressor
AT0000785555,2023-09-25,1.005336324760025,22.67,prod_LGBMRegressor
AT0000785555,2023-09-26,1.008727003812003,22.87,prod_LGBMRegressor
AT0000785555,2023-09-27,0.9794661835645804,22.4,prod_LGBMRegressor
AT0000785555,2023-09-28,0.9938116223619189,22.26,prod_LGBMRegressor
AT0000785555,2023-09-29,1.012107018440069,22.53,prod_LGBMRegressor
AT0000785555,2023-10-02,0.9892827664976331,22.29,prod_LGBMRegressor
AT0000785555,2023-10-03,0.9983253063432188,22.25,prod_LGBMRegressor
AT0000785555,2023-10-04,1.00448578847729,22.35,prod_LGBMRegressor
AT0000785555,2023-10-05,0.9974101106465839,22.29,prod_LGBMRegressor
AT0000785555,2023-10-06,1.0002383865169426,22.3,prod_LGBMRegressor
AT0000831706,2023-09-25,0.9981837494206964,24.42,prod_LGBMRegressor
AT0000831706,2023-09-26,0.9994577047265568,24.4,prod_LGBMRegressor
AT0000831706,2023-09-27,0.9975305243704301,24.34,prod_LGBMRegressor
AT0000831706,2023-09-28,0.998957152200507,24.32,prod_LGBMRegressor
AT0000831706,2023-09-29,0.9995774715593813,24.31,prod_LGBMRegressor
AT0000831706,2023-10-02,1.0022677869545176,24.36,prod_LGBMRegressor
AT0000831706,2023-10-03,1.0020350908953444,24.41,prod_LGBMRegressor
AT0000831706,2023-10-04,1.0024000122529138,24.47,prod_LGBMRegressor
AT0000831706,2023-10-05,1.0027876127690658,24.54,prod_LGBMRegressor
AT0000831706,2023-10-06,1.00494279843702,24.66,prod_LGBMRegressor
AT0000644505,2023-09-25,0.9952504000779354,40.46,prod_LGBMRegressor
AT0000644505,2023-09-26,0.9919151220110549,40.13,prod_LGBMRegressor
AT0000644505,2023-09-27,1.0037147917827929,40.28,prod_LGBMRegressor
AT0000644505,2023-09-28,1.0022582918991634,40.37,prod_LGBMRegressor
AT0000644505,2023-09-29,0.9978349047683941,40.28,prod_LGBMRegressor
AT0000644505,2023-10-02,1.005776820595798,40.52,prod_LGBMRegressor
AT0000644505,2023-10-03,0.9961051675441402,40.36,prod_LGBMRegressor
AT0000644505,2023-10-04,0.9956672596151297,40.18,prod_LGBMRegressor
AT0000644505,2023-10-05,0.9966417700896415,40.05,prod_LGBMRegressor
AT0000644505,2023-10-06,1.0010056281185666,40.09,prod_LGBMRegressor
AT0000758305,2023-09-25,0.9965334676089388,23.87,prod_LGBMRegressor
AT0000758305,2023-09-26,0.9975333421172374,23.81,prod_LGBMRegressor
AT0000758305,2023-09-27,0.9965862081923703,23.73,prod_LGBMRegressor
AT0000758305,2023-09-28,0.9964985698780725,23.64,prod_LGBMRegressor
AT0000758305,2023-09-29,1.0028571097993486,23.71,prod_LGBMRegressor
AT0000758305,2023-10-02,1.00490766087289,23.83,prod_LGBMRegressor
AT0000758305,2023-10-03,1.0025093695734948,23.89,prod_LGBMRegressor
AT0000758305,2023-10-04,1.0091879855394867,24.11,prod_LGBMRegressor
AT0000758305,2023-10-05,1.003614085528227,24.19,prod_LGBMRegressor
AT0000758305,2023-10-06,1.0008235083770403,24.21,prod_LGBMRegressor
AT0000938204,2023-09-25,1.0007299460422048,130.5,prod_LGBMRegressor
AT0000938204,2023-09-26,1.0006784308400842,130.58,prod_LGBMRegressor
AT0000938204,2023-09-27,1.0001373004944976,130.6,prod_LGBMRegressor
AT0000938204,2023-09-28,1.0011584965930576,130.75,prod_LGBMRegressor
AT0000938204,2023-09-29,1.002046552390308,131.02,prod_LGBMRegressor
AT0000938204,2023-10-02,0.9994842472126683,130.95,prod_LGBMRegressor
AT0000938204,2023-10-03,1.0056683114658163,131.7,prod_LGBMRegressor
AT0000938204,2023-10-04,0.9980014079478435,131.43,prod_LGBMRegressor
AT0000938204,2023-10-05,1.0007714295797707,131.53,prod_LGBMRegressor
AT0000938204,2023-10-06,1.0008635159807682,131.65,prod_LGBMRegressor
AT0000908504,2023-09-25,0.9981407275656673,25.3,prod_LGBMRegressor
AT0000908504,2023-09-26,1.0003846159949707,25.31,prod_LGBMRegressor
AT0000908504,2023-09-27,1.0008402031144292,25.33,prod_LGBMRegressor
AT0000908504,2023-09-28,1.001525982091,25.37,prod_LGBMRegressor
AT0000908504,2023-09-29,0.9993021426714571,25.35,prod_LGBMRegressor
AT0000908504,2023-10-02,1.0012036307773162,25.39,prod_LGBMRegressor
AT0000908504,2023-10-03,1.004946731909522,25.51,prod_LGBMRegressor
AT0000908504,2023-10-04,1.0056324608946638,25.65,prod_LGBMRegressor
AT0000908504,2023-10-05,1.0039529907694154,25.76,prod_LGBMRegressor
AT0000908504,2023-10-06,1.0036634728738172,25.85,prod_LGBMRegressor
AT0000A21KS2,2023-09-25,0.9999115129586695,17.82,prod_LGBMRegressor
AT0000A21KS2,2023-09-26,1.000165859003404,17.82,prod_LGBMRegressor
AT0000A21KS2,2023-09-27,1.0017603400511854,17.85,prod_LGBMRegressor
AT0000A21KS2,2023-09-28,1.0033252711151193,17.91,prod_LGBMRegressor
AT0000A21KS2,2023-09-29,1.0031144938754502,17.97,prod_LGBMRegressor
AT0000A21KS2,2023-10-02,1.0023144712513021,18.01,prod_LGBMRegressor
AT0000A21KS2,2023-10-03,1.0028402304421653,18.06,prod_LGBMRegressor
AT0000A21KS2,2023-10-04,1.0022357145816558,18.1,prod_LGBMRegressor
AT0000A21KS2,2023-10-05,1.0021026104193849,18.14,prod_LGBMRegressor
AT0000A21KS2,2023-10-06,1.0025581785694357,18.19,prod_LGBMRegressor
AT0000641352,2023-09-25,1.0007430848707637,30.47,prod_LGBMRegressor
AT0000641352,2023-09-26,1.00236161360022,30.54,prod_LGBMRegressor
AT0000641352,2023-09-27,1.0010014080979217,30.58,prod_LGBMRegressor
AT0000641352,2023-09-28,1.0013592883112972,30.62,prod_LGBMRegressor
AT0000641352,2023-09-29,1.0015936165581096,30.67,prod_LGBMRegressor
AT0000641352,2023-10-02,1.0022518164963696,30.73,prod_LGBMRegressor
AT0000641352,2023-10-03,1.001392318539843,30.78,prod_LGBMRegressor
AT0000641352,2023-10-04,1.0027957422900822,30.86,prod_LGBMRegressor
AT0000641352,2023-10-05,1.0027185927426423,30.95,prod_LGBMRegressor
AT0000641352,2023-10-06,1.0027191383584142,31.03,prod_LGBMRegressor
AT0000821103,2023-09-25,1.0028422666800405,7.52,prod_LGBMRegressor
AT0000821103,2023-09-26,1.001935697224579,7.54,prod_LGBMRegressor
AT0000821103,2023-09-27,1.0023995053677752,7.55,prod_LGBMRegressor
AT0000821103,2023-09-28,1.0032181189392475,7.58,prod_LGBMRegressor
AT0000821103,2023-09-29,1.0026921075084032,7.6,prod_LGBMRegressor
AT0000821103,2023-10-02,1.0021410948808605,7.61,prod_LGBMRegressor
AT0000821103,2023-10-03,1.0023975191391084,7.63,prod_LGBMRegressor
AT0000821103,2023-10-04,1.002400693305542,7.65,prod_LGBMRegressor
AT0000821103,2023-10-05,1.002980491965218,7.67,prod_LGBMRegressor
AT0000821103,2023-10-06,1.0022357145816558,7.69,prod_LGBMRegressor
AT0000999982,2023-09-25,0.9989982843399048,3140.54,prod_lstm
AT0000999982,2023-09-26,0.9959282279014587,3127.75,prod_lstm
AT0000999982,2023-09-27,1.000406265258789,3129.02,prod_lstm
AT0000999982,2023-09-28,1.0012837648391724,3133.04,prod_lstm
AT0000999982,2023-09-29,0.9988826513290405,3129.54,prod_lstm
AT0000999982,2023-10-02,0.9999369382858276,3129.34,prod_lstm
AT0000999982,2023-10-03,1.0047093629837036,3144.08,prod_lstm
AT0000999982,2023-10-04,0.9975396990776062,3136.34,prod_lstm
AT0000999982,2023-10-05,0.9996997714042664,3135.4,prod_lstm
AT0000999982,2023-10-06,1.000212550163269,3136.07,prod_lstm
AT0000743059,2023-09-25,0.9975647926330566,45.2,prod_lstm
AT0000743059,2023-09-26,1.0001633167266846,45.21,prod_lstm
AT0000743059,2023-09-27,0.9967598915100098,45.06,prod_lstm
AT0000743059,2023-09-28,1.002826452255249,45.19,prod_lstm
AT0000743059,2023-09-29,1.0002782344818115,45.2,prod_lstm
AT0000743059,2023-10-02,1.0006587505340576,45.23,prod_lstm
AT0000743059,2023-10-03,0.9994983673095703,45.21,prod_lstm
AT0000743059,2023-10-04,0.9999644160270691,45.21,prod_lstm
AT0000743059,2023-10-05,1.0025150775909424,45.32,prod_lstm
AT0000743059,2023-10-06,1.0002118349075317,45.33,prod_lstm
AT0000937503,2023-09-25,0.9914998412132263,26.63,prod_lstm
AT0000937503,2023-09-26,0.9961584806442261,26.53,prod_lstm
AT0000937503,2023-09-27,0.995688259601593,26.41,prod_lstm
AT0000937503,2023-09-28,0.9949076771736145,26.28,prod_lstm
AT0000937503,2023-09-29,0.9930805563926697,26.1,prod_lstm
AT0000937503,2023-10-02,0.995120108127594,25.97,prod_lstm
AT0000937503,2023-10-03,0.9945308566093445,25.83,prod_lstm
AT0000937503,2023-10-04,0.9980977177619934,25.78,prod_lstm
AT0000937503,2023-10-05,0.9938856959342957,25.62,prod_lstm
AT0000937503,2023-10-06,0.9956797957420349,25.51,prod_lstm
AT0000652011,2023-09-25,0.9980027079582214,32.02,prod_lstm
AT0000652011,2023-09-26,0.9976008534431458,31.94,prod_lstm
AT0000652011,2023-09-27,0.9941515326499939,31.75,prod_lstm
AT0000652011,2023-09-28,0.9983544945716858,31.7,prod_lstm
AT0000652011,2023-09-29,0.995896577835083,31.57,prod_lstm
AT0000652011,2023-10-02,0.997259259223938,31.48,prod_lstm
AT0000652011,2023-10-03,0.9934630990028381,31.28,prod_lstm
AT0000652011,2023-10-04,0.9959856867790222,31.15,prod_lstm
AT0000652011,2023-10-05,0.9950540065765381,31.0,prod_lstm
AT0000652011,2023-10-06,0.9966623783111572,30.89,prod_lstm
AT0000746409,2023-09-25,0.9955427646636963,74.91,prod_lstm
AT0000746409,2023-09-26,0.99409019947052,74.47,prod_lstm
AT0000746409,2023-09-27,0.9908256530761719,73.79,prod_lstm
AT0000746409,2023-09-28,0.9956539869308472,73.47,prod_lstm
AT0000746409,2023-09-29,0.994042158126831,73.03,prod_lstm
AT0000746409,2023-10-02,0.9949593544006348,72.66,prod_lstm
AT0000746409,2023-10-03,0.9925010204315186,72.12,prod_lstm
AT0000746409,2023-10-04,0.9942824244499207,71.7,prod_lstm
AT0000746409,2023-10-05,0.993232011795044,71.22,prod_lstm
AT0000746409,2023-10-06,0.9933260083198547,70.74,prod_lstm
AT0000922554,2023-09-25,0.9924982190132141,31.16,prod_lstm
AT0000922554,2023-09-26,0.9877385497093201,30.78,prod_lstm
AT0000922554,2023-09-27,0.9913901686668396,30.52,prod_lstm
AT0000922554,2023-09-28,0.996914803981781,30.42,prod_lstm
AT0000922554,2023-09-29,0.9916285276412964,30.17,prod_lstm
AT0000922554,2023-10-02,0.9875100255012512,29.79,prod_lstm
AT0000922554,2023-10-03,0.9890508055686951,29.47,prod_lstm
AT0000922554,2023-10-04,0.987114429473877,29.09,prod_lstm
AT0000922554,2023-10-05,0.9866342544555664,28.7,prod_lstm
AT0000922554,2023-10-06,0.9884877800941467,28.37,prod_lstm
AT00000VIE62,2023-09-25,0.9951727390289307,46.67,prod_lstm
AT00000VIE62,2023-09-26,0.9969131946563721,46.53,prod_lstm
AT00000VIE62,2023-09-27,0.9972648620605469,46.4,prod_lstm
AT00000VIE62,2023-09-28,1.002148985862732,46.5,prod_lstm
AT00000VIE62,2023-09-29,0.9972440600395203,46.37,prod_lstm
AT00000VIE62,2023-10-02,0.9978036880493164,46.27,prod_lstm
AT00000VIE62,2023-10-03,0.9963818788528442,46.1,prod_lstm
AT00000VIE62,2023-10-04,0.9929206371307373,45.78,prod_lstm
AT00000VIE62,2023-10-05,0.9946854114532471,45.53,prod_lstm
AT00000VIE62,2023-10-06,0.9949613809585571,45.31,prod_lstm
AT0000741053,2023-09-25,0.9945688843727112,22.92,prod_lstm
AT0000741053,2023-09-26,0.9942063689231873,22.79,prod_lstm
AT0000741053,2023-09-27,0.9951242804527283,22.68,prod_lstm
AT0000741053,2023-09-28,0.9939022660255432,22.54,prod_lstm
AT0000741053,2023-09-29,0.9916200041770935,22.35,prod_lstm
AT0000741053,2023-10-02,0.9958934783935547,22.26,prod_lstm
AT0000741053,2023-10-03,0.9940533638000488,22.13,prod_lstm
AT0000741053,2023-10-04,0.9901189208030701,21.91,prod_lstm
AT0000741053,2023-10-05,0.9960805177688599,21.82,prod_lstm
AT0000741053,2023-10-06,0.9959636330604553,21.74,prod_lstm
AT0000785555,2023-09-25,0.9954191446304321,22.45,prod_lstm
AT0000785555,2023-09-26,0.9982399344444275,22.41,prod_lstm
AT0000785555,2023-09-27,1.0013471841812134,22.44,prod_lstm
AT0000785555,2023-09-28,0.9997340440750122,22.43,prod_lstm
AT0000785555,2023-09-29,0.9978175163269043,22.38,prod_lstm
AT0000785555,2023-10-02,1.0026288032531738,22.44,prod_lstm
AT0000785555,2023-10-03,0.9923489093780518,22.27,prod_lstm
AT0000785555,2023-10-04,0.9997379183769226,22.26,prod_lstm
AT0000785555,2023-10-05,0.9988791346549988,22.24,prod_lstm
AT0000785555,2023-10-06,0.9957781434059143,22.14,prod_lstm
AT0000831706,2023-09-25,0.9934565424919128,24.3,prod_lstm
AT0000831706,2023-09-26,0.9881327748298645,24.01,prod_lstm
AT0000831706,2023-09-27,0.9923012256622314,23.83,prod_lstm
AT0000831706,2023-09-28,0.9943124651908875,23.69,prod_lstm
AT0000831706,2023-09-29,0.9927011132240295,23.52,prod_lstm
AT0000831706,2023-10-02,0.9914083480834961,23.32,prod_lstm
AT0000831706,2023-10-03,0.9954073429107666,23.21,prod_lstm
AT0000831706,2023-10-04,0.9946891069412231,23.09,prod_lstm
AT0000831706,2023-10-05,0.9939488172531128,22.95,prod_lstm
AT0000831706,2023-10-06,0.9904363751411438,22.73,prod_lstm
AT0000644505,2023-09-25,1.000250220298767,40.66,prod_lstm
AT0000644505,2023-09-26,0.9986404180526733,40.6,prod_lstm
AT0000644505,2023-09-27,1.001473307609558,40.66,prod_lstm
AT0000644505,2023-09-28,0.9958457350730896,40.5,prod_lstm
AT0000644505,2023-09-29,0.997956395149231,40.41,prod_lstm
AT0000644505,2023-10-02,0.9964190721511841,40.27,prod_lstm
AT0000644505,2023-10-03,0.9955433011054993,40.09,prod_lstm
AT0000644505,2023-10-04,0.9968008399009705,39.96,prod_lstm
AT0000644505,2023-10-05,0.9969995617866516,39.84,prod_lstm
AT0000644505,2023-10-06,0.998254656791687,39.77,prod_lstm
AT0000758305,2023-09-25,0.9916139841079712,23.75,prod_lstm
AT0000758305,2023-09-26,0.9887082576751709,23.48,prod_lstm
AT0000758305,2023-09-27,0.9964743852615356,23.4,prod_lstm
AT0000758305,2023-09-28,0.9913052320480347,23.19,prod_lstm
AT0000758305,2023-09-29,0.9904126524925232,22.97,prod_lstm
AT0000758305,2023-10-02,0.9930183291435242,22.81,prod_lstm
AT0000758305,2023-10-03,0.9902632236480713,22.59,prod_lstm
AT0000758305,2023-10-04,0.9898678064346313,22.36,prod_lstm
AT0000758305,2023-10-05,0.9930338859558105,22.21,prod_lstm
AT0000758305,2023-10-06,0.9921755194664001,22.03,prod_lstm
AT0000938204,2023-09-25,0.9876720309257507,128.79,prod_lstm
AT0000938204,2023-09-26,0.986660361289978,127.07,prod_lstm
AT0000938204,2023-09-27,0.9883505702018738,125.59,prod_lstm
AT0000938204,2023-09-28,0.9896208643913269,124.29,prod_lstm
AT0000938204,2023-09-29,0.989645779132843,123.0,prod_lstm
AT0000938204,2023-10-02,0.9875292181968689,121.47,prod_lstm
AT0000938204,2023-10-03,0.9871575832366943,119.91,prod_lstm
AT0000938204,2023-10-04,0.9891695380210876,118.61,prod_lstm
AT0000938204,2023-10-05,0.9871858954429626,117.09,prod_lstm
AT0000938204,2023-10-06,0.9839271306991577,115.21,prod_lstm
AT0000908504,2023-09-25,0.9862654209136963,25.0,prod_lstm
AT0000908504,2023-09-26,0.985942542552948,24.65,prod_lstm
AT0000908504,2023-09-27,0.992423415184021,24.46,prod_lstm
AT0000908504,2023-09-28,0.9832349419593811,24.05,prod_lstm
AT0000908504,2023-09-29,0.9906561970710754,23.83,prod_lstm
AT0000908504,2023-10-02,0.9927628636360168,23.66,prod_lstm
AT0000908504,2023-10-03,0.994105339050293,23.52,prod_lstm
AT0000908504,2023-10-04,0.9881219863891602,23.24,prod_lstm
AT0000908504,2023-10-05,0.9897627234458923,23.0,prod_lstm
AT0000908504,2023-10-06,0.988677978515625,22.74,prod_lstm
AT0000A21KS2,2023-09-25,0.9936840534210205,17.71,prod_lstm
AT0000A21KS2,2023-09-26,0.9939524531364441,17.6,prod_lstm
AT0000A21KS2,2023-09-27,0.9974238872528076,17.56,prod_lstm
AT0000A21KS2,2023-09-28,0.9963493347167969,17.49,prod_lstm
AT0000A21KS2,2023-09-29,0.995535135269165,17.41,prod_lstm
AT0000A21KS2,2023-10-02,0.9967493414878845,17.36,prod_lstm
AT0000A21KS2,2023-10-03,0.9970728158950806,17.31,prod_lstm
AT0000A21KS2,2023-10-04,0.9967061877250671,17.25,prod_lstm
AT0000A21KS2,2023-10-05,0.9940878748893738,17.15,prod_lstm
AT0000A21KS2,2023-10-06,0.9955065250396729,17.07,prod_lstm
AT0000641352,2023-09-25,0.9952253103256226,30.3,prod_lstm
AT0000641352,2023-09-26,0.9946515560150146,30.14,prod_lstm
AT0000641352,2023-09-27,0.992888331413269,29.93,prod_lstm
AT0000641352,2023-09-28,0.9922490119934082,29.7,prod_lstm
AT0000641352,2023-09-29,0.9970083832740784,29.61,prod_lstm
AT0000641352,2023-10-02,0.9944071769714355,29.44,prod_lstm
AT0000641352,2023-10-03,0.9958474040031433,29.32,prod_lstm
AT0000641352,2023-10-04,0.9985160231590271,29.28,prod_lstm
AT0000641352,2023-10-05,0.9943116903305054,29.11,prod_lstm
AT0000641352,2023-10-06,0.9964506030082703,29.01,prod_lstm
AT0000821103,2023-09-25,0.9918792247772217,7.44,prod_lstm
AT0000821103,2023-09-26,0.9893068671226501,7.36,prod_lstm
AT0000821103,2023-09-27,0.9909063577651978,7.29,prod_lstm
AT0000821103,2023-09-28,0.9964900016784668,7.27,prod_lstm
AT0000821103,2023-09-29,0.9907060861587524,7.2,prod_lstm
AT0000821103,2023-10-02,0.9967636466026306,7.18,prod_lstm
AT0000821103,2023-10-03,0.9969428181648254,7.15,prod_lstm
AT0000821103,2023-10-04,0.9939451813697815,7.11,prod_lstm
AT0000821103,2023-10-05,0.993235170841217,7.06,prod_lstm
AT0000821103,2023-10-06,0.9950598478317261,7.03,prod_lstm
AT0000999982,2023-09-25,1.000423313607373,3145.02,prod_moving_average_recursive
AT0000999982,2023-09-26,1.0005656677118662,3146.8,prod_moving_average_recursive
AT0000999982,2023-09-27,1.0005823972615335,3148.63,prod_moving_average_recursive
AT0000999982,2023-09-28,1.0005974441446133,3150.51,prod_moving_average_recursive
AT0000999982,2023-09-29,1.0006213579948005,3152.47,prod_moving_average_recursive
AT0000999982,2023-10-02,1.0006950302537327,3154.66,prod_moving_average_recursive
AT0000999982,2023-10-03,1.0006335213792463,3156.66,prod_moving_average_recursive
AT0000999982,2023-10-04,1.0005988106521864,3158.55,prod_moving_average_recursive
AT0000999982,2023-10-05,1.0004671606996558,3160.03,prod_moving_average_recursive
AT0000999982,2023-10-06,1.0004925886120084,3161.58,prod_moving_average_recursive
AT0000743059,2023-09-25,1.0005711107451645,45.34,prod_moving_average_recursive
AT0000743059,2023-09-26,1.0008969767686453,45.38,prod_moving_average_recursive
AT0000743059,2023-09-27,1.0008727410702252,45.42,prod_moving_average_recursive
AT0000743059,2023-09-28,1.000805659200439,45.45,prod_moving_average_recursive
AT0000743059,2023-09-29,1.000834891725526,45.49,prod_moving_average_recursive
AT0000743059,2023-10-02,1.000805726097466,45.53,prod_moving_average_recursive
AT0000743059,2023-10-03,1.0007715657343261,45.56,prod_moving_average_recursive
AT0000743059,2023-10-04,1.000726427210828,45.6,prod_moving_average_recursive
AT0000743059,2023-10-05,1.0005078903109867,45.62,prod_moving_average_recursive
AT0000743059,2023-10-06,1.0004687803020553,45.64,prod_moving_average_recursive
AT0000937503,2023-09-25,1.0011962885665966,26.89,prod_moving_average_recursive
AT0000937503,2023-09-26,1.0013335237196108,26.93,prod_moving_average_recursive
AT0000937503,2023-09-27,1.0013469697851303,26.96,prod_moving_average_recursive
AT0000937503,2023-09-28,1.0013169442965149,27.0,prod_moving_average_recursive
AT0000937503,2023-09-29,1.0014626940867388,27.04,prod_moving_average_recursive
AT0000937503,2023-10-02,1.0016188068681817,27.08,prod_moving_average_recursive
AT0000937503,2023-10-03,1.0015830083221196,27.13,prod_moving_average_recursive
AT0000937503,2023-10-04,1.0014699681653625,27.17,prod_moving_average_recursive
AT0000937503,2023-10-05,1.0012418867339696,27.2,prod_moving_average_recursive
AT0000937503,2023-10-06,1.0013339416120053,27.24,prod_moving_average_recursive
AT0000652011,2023-09-25,1.0010465945007825,32.11,prod_moving_average_recursive
AT0000652011,2023-09-26,1.0012522356962745,32.15,prod_moving_average_recursive
AT0000652011,2023-09-27,1.001343452101133,32.2,prod_moving_average_recursive
AT0000652011,2023-09-28,1.0013942622902245,32.24,prod_moving_average_recursive
AT0000652011,2023-09-29,1.0014286458222585,32.29,prod_moving_average_recursive
AT0000652011,2023-10-02,1.001478952956761,32.34,prod_moving_average_recursive
AT0000652011,2023-10-03,1.0014125200943296,32.38,prod_moving_average_recursive
AT0000652011,2023-10-04,1.001407762827179,32.43,prod_moving_average_recursive
AT0000652011,2023-10-05,1.0011987133066127,32.47,prod_moving_average_recursive
AT0000652011,2023-10-06,1.0012049313433864,32.5,prod_moving_average_recursive
AT0000746409,2023-09-25,0.9996287400478371,75.22,prod_moving_average_recursive
AT0000746409,2023-09-26,0.999690397489871,75.2,prod_moving_average_recursive
AT0000746409,2023-09-27,0.9996717000937088,75.17,prod_moving_average_recursive
AT0000746409,2023-09-28,0.9996356622960381,75.15,prod_moving_average_recursive
AT0000746409,2023-09-29,0.999565643879139,75.11,prod_moving_average_recursive
AT0000746409,2023-10-02,0.9997245580085127,75.09,prod_moving_average_recursive
AT0000746409,2023-10-03,0.9996925970847066,75.07,prod_moving_average_recursive
AT0000746409,2023-10-04,0.9996542236353358,75.04,prod_moving_average_recursive
AT0000746409,2023-10-05,0.9996856909875618,75.02,prod_moving_average_recursive
AT0000746409,2023-10-06,0.9997175625468224,75.0,prod_moving_average_recursive
AT0000922554,2023-09-25,0.9999878094021473,31.4,prod_moving_average_recursive
AT0000922554,2023-09-26,1.00009889989245,31.4,prod_moving_average_recursive
AT0000922554,2023-09-27,1.0001244214572007,31.41,prod_moving_average_recursive
AT0000922554,2023-09-28,1.0001502072467625,31.41,prod_moving_average_recursive
AT0000922554,2023-09-29,1.0002537190908611,31.42,prod_moving_average_recursive
AT0000922554,2023-10-02,1.0002940195132715,31.43,prod_moving_average_recursive
AT0000922554,2023-10-03,1.0002298320890595,31.44,prod_moving_average_recursive
AT0000922554,2023-10-04,1.000179251282747,31.44,prod_moving_average_recursive
AT0000922554,2023-10-05,1.000244380635408,31.45,prod_moving_average_recursive
AT0000922554,2023-10-06,1.0002976643142305,31.46,prod_moving_average_recursive
AT00000VIE62,2023-09-25,1.0013509170033965,46.96,prod_moving_average_recursive
AT00000VIE62,2023-09-26,1.001344356512017,47.03,prod_moving_average_recursive
AT00000VIE62,2023-09-27,1.00128548765458,47.09,prod_moving_average_recursive
AT00000VIE62,2023-09-28,1.001290435026572,47.15,prod_moving_average_recursive
AT00000VIE62,2023-09-29,1.00132437970626,47.21,prod_moving_average_recursive
AT00000VIE62,2023-10-02,1.0013528182158231,47.27,prod_moving_average_recursive
AT00000VIE62,2023-10-03,1.0013405054857127,47.34,prod_moving_average_recursive
AT00000VIE62,2023-10-04,1.0013690418983152,47.4,prod_moving_average_recursive
AT00000VIE62,2023-10-05,1.0013567647619201,47.47,prod_moving_average_recursive
AT00000VIE62,2023-10-06,1.001391275363471,47.53,prod_moving_average_recursive
AT0000741053,2023-09-25,1.0012608125656952,23.08,prod_moving_average_recursive
AT0000741053,2023-09-26,1.0013487714313507,23.11,prod_moving_average_recursive
AT0000741053,2023-09-27,1.0013583868438256,23.14,prod_moving_average_recursive
AT0000741053,2023-09-28,1.0014216005813144,23.17,prod_moving_average_recursive
AT0000741053,2023-09-29,1.0014091368317306,23.21,prod_moving_average_recursive
AT0000741053,2023-10-02,1.0014822550386844,23.24,prod_moving_average_recursive
AT0000741053,2023-10-03,1.001460738771624,23.28,prod_moving_average_recursive
AT0000741053,2023-10-04,1.0013593656809503,23.31,prod_moving_average_recursive
AT0000741053,2023-10-05,1.001338308383692,23.34,prod_moving_average_recursive
AT0000741053,2023-10-06,1.0014006488115212,23.37,prod_moving_average_recursive
AT0000785555,2023-09-25,0.999648168290279,22.54,prod_moving_average_recursive
AT0000785555,2023-09-26,0.9997533318449303,22.54,prod_moving_average_recursive
AT0000785555,2023-09-27,0.9997958332494026,22.53,prod_moving_average_recursive
AT0000785555,2023-09-28,0.999795048073145,22.53,prod_moving_average_recursive
AT0000785555,2023-09-29,0.9998871411772635,22.52,prod_moving_average_recursive
AT0000785555,2023-10-02,0.9998822327723508,22.52,prod_moving_average_recursive
AT0000785555,2023-10-03,0.9998817798482501,22.52,prod_moving_average_recursive
AT0000785555,2023-10-04,0.9997494684763507,22.51,prod_moving_average_recursive
AT0000785555,2023-10-05,0.999718380741603,22.51,prod_moving_average_recursive
AT0000785555,2023-10-06,0.9998304024869136,22.5,prod_moving_average_recursive
AT0000831706,2023-09-25,1.0004014011655635,24.47,prod_moving_average_recursive
AT0000831706,2023-09-26,1.0004819890255519,24.48,prod_moving_average_recursive
AT0000831706,2023-09-27,1.0005093392979927,24.49,prod_moving_average_recursive
AT0000831706,2023-09-28,1.0005406463305784,24.51,prod_moving_average_recursive
AT0000831706,2023-09-29,1.0006396879448596,24.52,prod_moving_average_recursive
AT0000831706,2023-10-02,1.0007261536718,24.54,prod_moving_average_recursive
AT0000831706,2023-10-03,1.0006036206357825,24.56,prod_moving_average_recursive
AT0000831706,2023-10-04,1.0005539871216913,24.57,prod_moving_average_recursive
AT0000831706,2023-10-05,1.0003972671354564,24.58,prod_moving_average_recursive
AT0000831706,2023-10-06,1.000423631021365,24.59,prod_moving_average_recursive
AT0000644505,2023-09-25,0.9986947797472715,40.6,prod_moving_average_recursive
AT0000644505,2023-09-26,0.9986959440780847,40.54,prod_moving_average_recursive
AT0000644505,2023-09-27,0.9985751790132995,40.49,prod_moving_average_recursive
AT0000644505,2023-09-28,0.9987227453075116,40.43,prod_moving_average_recursive
AT0000644505,2023-09-29,0.9986497470478696,40.38,prod_moving_average_recursive
AT0000644505,2023-10-02,0.9989510198236032,40.34,prod_moving_average_recursive
AT0000644505,2023-10-03,0.9990822959521026,40.3,prod_moving_average_recursive
AT0000644505,2023-10-04,0.9990376662719597,40.26,prod_moving_average_recursive
AT0000644505,2023-10-05,0.99899330961632,40.22,prod_moving_average_recursive
AT0000644505,2023-10-06,0.9993274947101274,40.19,prod_moving_average_recursive
AT0000758305,2023-09-25,1.0000941308012516,23.95,prod_moving_average_recursive
AT0000758305,2023-09-26,1.00021774038136,23.96,prod_moving_average_recursive
AT0000758305,2023-09-27,1.0002999543169913,23.96,prod_moving_average_recursive
AT0000758305,2023-09-28,1.0003656175814974,23.97,prod_moving_average_recursive
AT0000758305,2023-09-29,1.0004231954746288,23.98,prod_moving_average_recursive
AT0000758305,2023-10-02,1.0005670046855757,24.0,prod_moving_average_recursive
AT0000758305,2023-10-03,1.0005613642858142,24.01,prod_moving_average_recursive
AT0000758305,2023-10-04,1.0005440389646914,24.02,prod_moving_average_recursive
AT0000758305,2023-10-05,1.000421837463097,24.03,prod_moving_average_recursive
AT0000758305,2023-10-06,1.000423460258352,24.04,prod_moving_average_recursive
AT0000938204,2023-09-25,0.9998706148462956,130.38,prod_moving_average_recursive
AT0000938204,2023-09-26,0.9999460428741468,130.38,prod_moving_average_recursive
AT0000938204,2023-09-27,0.9999933178916599,130.38,prod_moving_average_recursive
AT0000938204,2023-09-28,0.9999813662744488,130.37,prod_moving_average_recursive
AT0000938204,2023-09-29,0.9999222155913541,130.36,prod_moving_average_recursive
AT0000938204,2023-10-02,0.9999454388221339,130.36,prod_moving_average_recursive
AT0000938204,2023-10-03,0.9998983277496684,130.34,prod_moving_average_recursive
AT0000938204,2023-10-04,0.9998979367225083,130.33,prod_moving_average_recursive
AT0000938204,2023-10-05,0.9997827434571807,130.3,prod_moving_average_recursive
AT0000938204,2023-10-06,0.9998561358649507,130.28,prod_moving_average_recursive
AT0000908504,2023-09-25,1.0005339705567182,25.36,prod_moving_average_recursive
AT0000908504,2023-09-26,1.0006753516721365,25.38,prod_moving_average_recursive
AT0000908504,2023-09-27,1.0007135876271742,25.4,prod_moving_average_recursive
AT0000908504,2023-09-28,1.000806904018744,25.42,prod_moving_average_recursive
AT0000908504,2023-09-29,1.0008100087523224,25.44,prod_moving_average_recursive
AT0000908504,2023-10-02,1.0008407193494193,25.46,prod_moving_average_recursive
AT0000908504,2023-10-03,1.0008347341681965,25.48,prod_moving_average_recursive
AT0000908504,2023-10-04,1.0007740186369105,25.5,prod_moving_average_recursive
AT0000908504,2023-10-05,1.0006610298452205,25.52,prod_moving_average_recursive
AT0000908504,2023-10-06,1.0006635731110576,25.54,prod_moving_average_recursive
AT0000A21KS2,2023-09-25,1.001071944338408,17.84,prod_moving_average_recursive
AT0000A21KS2,2023-09-26,1.0013096940966713,17.86,prod_moving_average_recursive
AT0000A21KS2,2023-09-27,1.0012733242830794,17.89,prod_moving_average_recursive
AT0000A21KS2,2023-09-28,1.0014805824197426,17.91,prod_moving_average_recursive
AT0000A21KS2,2023-09-29,1.0014308591802237,17.94,prod_moving_average_recursive
AT0000A21KS2,2023-10-02,1.0015135599361924,17.96,prod_moving_average_recursive
AT0000A21KS2,2023-10-03,1.0014790511306706,17.99,prod_moving_average_recursive
AT0000A21KS2,2023-10-04,1.0013632313861527,18.02,prod_moving_average_recursive
AT0000A21KS2,2023-10-05,1.0013565358524161,18.04,prod_moving_average_recursive
AT0000A21KS2,2023-10-06,1.0015106765490638,18.07,prod_moving_average_recursive
AT0000641352,2023-09-25,0.9999378656218731,30.45,prod_moving_average_recursive
AT0000641352,2023-09-26,1.0000185995293807,30.45,prod_moving_average_recursive
AT0000641352,2023-09-27,1.000043934042516,30.45,prod_moving_average_recursive
AT0000641352,2023-09-28,1.0000759178007013,30.45,prod_moving_average_recursive
AT0000641352,2023-09-29,1.0000826045833258,30.45,prod_moving_average_recursive
AT0000641352,2023-10-02,1.000180147189119,30.46,prod_moving_average_recursive
AT0000641352,2023-10-03,1.000039074183998,30.46,prod_moving_average_recursive
AT0000641352,2023-10-04,1.0000329035299191,30.46,prod_moving_average_recursive
AT0000641352,2023-10-05,1.0000015808458262,30.46,prod_moving_average_recursive
AT0000641352,2023-10-06,1.0000647456753218,30.46,prod_moving_average_recursive
AT0000821103,2023-09-25,1.000547399832292,7.5,prod_moving_average_recursive
AT0000821103,2023-09-26,1.0006933933579751,7.51,prod_moving_average_recursive
AT0000821103,2023-09-27,1.000726729791793,7.51,prod_moving_average_recursive
AT0000821103,2023-09-28,1.000760441908512,7.52,prod_moving_average_recursive
AT0000821103,2023-09-29,1.00083227354067,7.53,prod_moving_average_recursive
AT0000821103,2023-10-02,1.0008992106599834,7.53,prod_moving_average_recursive
AT0000821103,2023-10-03,1.0008579452779527,7.54,prod_moving_average_recursive
AT0000821103,2023-10-04,1.0008233211231516,7.55,prod_moving_average_recursive
AT0000821103,2023-10-05,1.0007332846569128,7.55,prod_moving_average_recursive
AT0000821103,2023-10-06,1.0007422496717762,7.56,prod_moving_average_recursive
AT0000999982,2023-09-25,0.9783278622523769,3075.56,prod_prophet
AT0000999982,2023-09-26,0.9783328919576785,3008.92,prod_prophet
AT0000999982,2023-09-27,1.0008447239008578,3011.46,prod_prophet
AT0000999982,2023-09-28,1.0011407185033852,3014.9,prod_prophet
AT0000999982,2023-09-29,1.0021408616647378,3021.35,prod_prophet
AT0000999982,2023-10-02,0.9973732566055256,3013.42,prod_prophet
AT0000999982,2023-10-03,0.999717721141641,3012.57,prod_prophet
AT0000999982,2023-10-04,0.9783629844045078,2947.38,prod_prophet
AT0000999982,2023-10-05,0.9783680142903273,2883.62,prod_prophet
AT0000999982,2023-10-06,1.0008806544124937,2886.16,prod_prophet
AT0000743059,2023-09-25,0.9521113041441225,43.14,prod_prophet
AT0000743059,2023-09-26,0.9521376398615621,41.08,prod_prophet
AT0000743059,2023-09-27,1.0064595035499573,41.34,prod_prophet
AT0000743059,2023-09-28,1.0058707804540514,41.58,prod_prophet
AT0000743059,2023-09-29,1.0021866509121693,41.67,prod_prophet
AT0000743059,2023-10-02,0.9985517085064641,41.61,prod_prophet
AT0000743059,2023-10-03,1.001100683184928,41.66,prod_prophet
AT0000743059,2023-10-04,0.9522955369967553,39.67,prod_prophet
AT0000743059,2023-10-05,0.9523218778100287,37.78,prod_prophet
AT0000743059,2023-10-06,1.0066542527400368,38.03,prod_prophet
AT0000937503,2023-09-25,0.9729862314472103,26.13,prod_prophet
AT0000937503,2023-09-26,0.9729577369979798,25.43,prod_prophet
AT0000937503,2023-09-27,0.9980405732499438,25.38,prod_prophet
AT0000937503,2023-09-28,0.9981940130595094,25.33,prod_prophet
AT0000937503,2023-09-29,0.999584175031716,25.32,prod_prophet
AT0000937503,2023-10-02,0.9880269478874663,25.02,prod_prophet
AT0000937503,2023-10-03,0.9955514581893795,24.91,prod_prophet
AT0000937503,2023-10-04,0.9727867616109567,24.23,prod_prophet
AT0000937503,2023-10-05,0.9727582730032548,23.57,prod_prophet
AT0000937503,2023-10-06,0.9978359670764062,23.52,prod_prophet
AT0000652011,2023-09-25,0.9685344912818213,31.07,prod_prophet
AT0000652011,2023-09-26,0.9685315707845895,30.09,prod_prophet
AT0000652011,2023-09-27,0.9990529664722059,30.06,prod_prophet
AT0000652011,2023-09-28,0.998866314880198,30.03,prod_prophet
AT0000652011,2023-09-29,1.002511525474478,30.11,prod_prophet
AT0000652011,2023-10-02,0.9983581319070274,30.06,prod_prophet
AT0000652011,2023-10-03,0.9996983594462806,30.05,prod_prophet
AT0000652011,2023-10-04,0.9685139374313988,29.1,prod_prophet
AT0000652011,2023-10-05,0.9685110169960749,28.18,prod_prophet
AT0000652011,2023-10-06,0.9990317649709225,28.16,prod_prophet
AT0000746409,2023-09-25,0.99389421088609,74.79,prod_prophet
AT0000746409,2023-09-26,0.9939171324982057,74.34,prod_prophet
AT0000746409,2023-09-27,1.000880530362864,74.4,prod_prophet
AT0000746409,2023-09-28,1.0058779666531334,74.84,prod_prophet
AT0000746409,2023-09-29,1.0064934344782155,75.32,prod_prophet
AT0000746409,2023-10-02,0.9998753884474848,75.31,prod_prophet
AT0000746409,2023-10-03,1.0000647077710136,75.32,prod_prophet
AT0000746409,2023-10-04,0.994054609403863,74.87,prod_prophet
AT0000746409,2023-10-05,0.9940775347151424,74.43,prod_prophet
AT0000746409,2023-10-06,1.0010420563600806,74.51,prod_prophet
AT0000922554,2023-09-25,0.9837753116299186,30.89,prod_prophet
AT0000922554,2023-09-26,0.9837821874088652,30.39,prod_prophet
AT0000922554,2023-09-27,1.000817801202755,30.41,prod_prophet
AT0000922554,2023-09-28,1.0005986582682231,30.43,prod_prophet
AT0000922554,2023-09-29,0.9990194320839645,30.4,prod_prophet
AT0000922554,2023-10-02,1.002622265097005,30.48,prod_prophet
AT0000922554,2023-10-03,0.9994324115320414,30.47,prod_prophet
AT0000922554,2023-10-04,0.9838234755958196,29.97,prod_prophet
AT0000922554,2023-10-05,0.9838303517113615,29.49,prod_prophet
AT0000922554,2023-10-06,1.0008667995399292,29.51,prod_prophet
AT00000VIE62,2023-09-25,1.0011810470000468,46.96,prod_prophet
AT00000VIE62,2023-09-26,1.0011532067904834,47.01,prod_prophet
AT00000VIE62,2023-09-27,1.0012717673838238,47.07,prod_prophet
AT00000VIE62,2023-09-28,0.9980088558543458,46.98,prod_prophet
AT00000VIE62,2023-09-29,0.9979720764100498,46.88,prod_prophet
AT00000VIE62,2023-10-02,1.001747595853324,46.96,prod_prophet
AT00000VIE62,2023-10-03,0.9962033850855933,46.78,prod_prophet
AT00000VIE62,2023-10-04,1.0009862331025694,46.83,prod_prophet
AT00000VIE62,2023-10-05,1.0009583983102832,46.87,prod_prophet
AT00000VIE62,2023-10-06,1.0010769358335965,46.93,prod_prophet
AT0000741053,2023-09-25,0.9929410662901922,22.89,prod_prophet
AT0000741053,2023-09-26,0.9929845989288726,22.73,prod_prophet
AT0000741053,2023-09-27,1.0041744195736093,22.82,prod_prophet
AT0000741053,2023-09-28,1.0066577482101826,22.97,prod_prophet
AT0000741053,2023-09-29,1.0064282164235012,23.12,prod_prophet
AT0000741053,2023-10-02,1.0011135304710905,23.15,prod_prophet
AT0000741053,2023-10-03,1.0052452217063113,23.27,prod_prophet
AT0000741053,2023-10-04,0.9932458034640281,23.11,prod_prophet
AT0000741053,2023-10-05,0.9932893494630007,22.96,prod_prophet
AT0000741053,2023-10-06,1.0044826043038482,23.06,prod_prophet
AT0000785555,2023-09-25,0.976685699040038,22.02,prod_prophet
AT0000785555,2023-09-26,0.9766536499089858,21.51,prod_prophet
AT0000785555,2023-09-27,0.9959850104088459,21.42,prod_prophet
AT0000785555,2023-09-28,0.9958481326122554,21.33,prod_prophet
AT0000785555,2023-09-29,0.9955800485458491,21.24,prod_prophet
AT0000785555,2023-10-02,0.98820747409647,20.99,prod_prophet
AT0000785555,2023-10-03,0.9958924930760013,20.9,prod_prophet
AT0000785555,2023-10-04,0.9764613709194891,20.41,prod_prophet
AT0000785555,2023-10-05,0.9764293291495286,19.93,prod_prophet
AT0000785555,2023-10-06,0.9957562495641823,19.85,prod_prophet
AT0000831706,2023-09-25,0.9835863365139506,24.06,prod_prophet
AT0000831706,2023-09-26,0.9835614305269301,23.66,prod_prophet
AT0000831706,2023-09-27,0.9976900541794679,23.61,prod_prophet
AT0000831706,2023-09-28,0.9982372001984978,23.57,prod_prophet
AT0000831706,2023-09-29,0.9992274867865515,23.55,prod_prophet
AT0000831706,2023-10-02,0.9939704198318956,23.41,prod_prophet
AT0000831706,2023-10-03,0.9945071582045504,23.28,prod_prophet
AT0000831706,2023-10-04,0.9834120789631698,22.89,prod_prophet
AT0000831706,2023-10-05,0.9833871773886045,22.51,prod_prophet
AT0000831706,2023-10-06,0.9975132979366962,22.46,prod_prophet
AT0000644505,2023-09-25,0.9943039213881143,40.42,prod_prophet
AT0000644505,2023-09-26,0.994289918632327,40.19,prod_prophet
AT0000644505,2023-09-27,0.9971491219930347,40.07,prod_prophet
AT0000644505,2023-09-28,1.0018245154078627,40.15,prod_prophet
AT0000644505,2023-09-29,0.9978256144028038,40.06,prod_prophet
AT0000644505,2023-10-02,0.9900479033268279,39.66,prod_prophet
AT0000644505,2023-10-03,0.9938125161831264,39.41,prod_prophet
AT0000644505,2023-10-04,0.9942059115193318,39.19,prod_prophet
AT0000644505,2023-10-05,0.9941919101438108,38.96,prod_prophet
AT0000644505,2023-10-06,0.9970508316690293,38.84,prod_prophet
AT0000758305,2023-09-25,0.9763972134252216,23.38,prod_prophet
AT0000758305,2023-09-26,0.9763670150038473,22.83,prod_prophet
AT0000758305,2023-09-27,0.9945675252857219,22.71,prod_prophet
AT0000758305,2023-09-28,0.9954716036522206,22.61,prod_prophet
AT0000758305,2023-09-29,0.99626870875831,22.52,prod_prophet
AT0000758305,2023-10-02,0.9936224404281537,22.38,prod_prophet
AT0000758305,2023-10-03,0.9962809957670398,22.29,prod_prophet
AT0000758305,2023-10-04,0.9761859323826302,21.76,prod_prophet
AT0000758305,2023-10-05,0.9761557404957979,21.24,prod_prophet
AT0000758305,2023-10-06,0.9943523123981852,21.12,prod_prophet
AT0000938204,2023-09-25,0.9854459290432516,128.5,prod_prophet
AT0000938204,2023-09-26,0.9854505304952559,126.63,prod_prophet
AT0000938204,2023-09-27,0.9990281737917148,126.51,prod_prophet
AT0000938204,2023-09-28,1.0003400329904975,126.55,prod_prophet
AT0000938204,2023-09-29,1.0002037035046032,126.58,prod_prophet
AT0000938204,2023-10-02,0.995955921557243,126.07,prod_prophet
AT0000938204,2023-10-03,1.0001495155378368,126.09,prod_prophet
AT0000938204,2023-10-04,0.9854781444244168,124.25,prod_prophet
AT0000938204,2023-10-05,0.9854827460268116,122.45,prod_prophet
AT0000938204,2023-10-06,0.9990608331923568,122.34,prod_prophet
AT0000908504,2023-09-25,0.9814848403546643,24.88,prod_prophet
AT0000908504,2023-09-26,0.9815105932581711,24.42,prod_prophet
AT0000908504,2023-09-27,1.0023622720249237,24.48,prod_prophet
AT0000908504,2023-09-28,1.001371183598149,24.51,prod_prophet
AT0000908504,2023-09-29,1.0027168097424186,24.58,prod_prophet
AT0000908504,2023-10-02,1.0010511708897523,24.6,prod_prophet
AT0000908504,2023-10-03,1.0029130041182925,24.68,prod_prophet
AT0000908504,2023-10-04,0.9816651698229814,24.22,prod_prophet
AT0000908504,2023-10-05,0.981690927458054,23.78,prod_prophet
AT0000908504,2023-10-06,1.0025464373305155,23.84,prod_prophet
AT0000A21KS2,2023-09-25,0.969128461517383,17.27,prod_prophet
AT0000A21KS2,2023-09-26,0.9691029128254982,16.74,prod_prophet
AT0000A21KS2,2023-09-27,0.9982531998970274,16.71,prod_prophet
AT0000A21KS2,2023-09-28,1.0017787306408712,16.74,prod_prophet
AT0000A21KS2,2023-09-29,0.9982709812773078,16.71,prod_prophet
AT0000A21KS2,2023-10-02,0.9988310252299657,16.69,prod_prophet
AT0000A21KS2,2023-10-03,1.0042038796278046,16.76,prod_prophet
AT0000A21KS2,2023-10-04,0.9689497624167113,16.24,prod_prophet
AT0000A21KS2,2023-10-05,0.9689242184357089,15.73,prod_prophet
AT0000A21KS2,2023-10-06,0.9980691304406204,15.7,prod_prophet
AT0000641352,2023-09-25,0.9909866026799532,30.18,prod_prophet
AT0000641352,2023-09-26,0.9910030939825174,29.9,prod_prophet
AT0000641352,2023-09-27,1.0045285866977802,30.04,prod_prophet
AT0000641352,2023-09-28,1.002148969044138,30.1,prod_prophet
AT0000641352,2023-09-29,1.0008615177941302,30.13,prod_prophet
AT0000641352,2023-10-02,1.0011278289951424,30.16,prod_prophet
AT0000641352,2023-10-03,1.0065318789527924,30.36,prod_prophet
AT0000641352,2023-10-04,0.9911020372475123,30.09,prod_prophet
AT0000641352,2023-10-05,0.9911185304710197,29.82,prod_prophet
AT0000641352,2023-10-06,1.0046455986964082,29.96,prod_prophet
AT0000821103,2023-09-25,0.9808960966948248,7.36,prod_prophet
AT0000821103,2023-09-26,0.980927183368165,7.22,prod_prophet
AT0000821103,2023-09-27,1.0030250036192703,7.24,prod_prophet
AT0000821103,2023-09-28,1.0008935446779783,7.24,prod_prophet
AT0000821103,2023-09-29,1.002743591574048,7.26,prod_prophet
AT0000821103,2023-10-02,1.0004135528611793,7.27,prod_prophet
AT0000821103,2023-10-03,1.0000587218450527,7.27,prod_prophet
AT0000821103,2023-10-04,0.9811136872006743,7.13,prod_prophet
AT0000821103,2023-10-05,0.9811447807698761,7.0,prod_prophet
AT0000821103,2023-10-06,1.0032475029427315,7.02,prod_prophet
AT0000999982,2023-09-25,1.010153678595183,3175.61,prod_XGBRegressor
AT0000999982,2023-09-26,1.0023385372556888,3183.04,prod_XGBRegressor
AT0000999982,2023-09-27,0.9984509984329126,3178.11,prod_XGBRegressor
AT0000999982,2023-09-28,1.0024970312024974,3186.04,prod_XGBRegressor
AT0000999982,2023-09-29,0.9846878350822531,3137.26,prod_XGBRegressor
AT0000999982,2023-10-02,0.9997913766094841,3136.6,prod_XGBRegressor
AT0000999982,2023-10-03,1.006360100014766,3156.55,prod_XGBRegressor
AT0000999982,2023-10-04,1.0033489235700053,3167.12,prod_XGBRegressor
AT0000999982,2023-10-05,0.9968633507778996,3157.19,prod_XGBRegressor
AT0000999982,2023-10-06,0.9969381457596109,3147.52,prod_XGBRegressor
AT0000743059,2023-09-25,1.0019798101338473,45.4,prod_XGBRegressor
AT0000743059,2023-09-26,1.020589012130663,46.33,prod_XGBRegressor
AT0000743059,2023-09-27,0.9976413799252465,46.23,prod_XGBRegressor
AT0000743059,2023-09-28,1.0012157276737041,46.28,prod_XGBRegressor
AT0000743059,2023-09-29,1.0010039430029651,46.33,prod_XGBRegressor
AT0000743059,2023-10-02,0.9985122742315904,46.26,prod_XGBRegressor
AT0000743059,2023-10-03,0.9991101462046997,46.22,prod_XGBRegressor
AT0000743059,2023-10-04,1.004042966013311,46.4,prod_XGBRegressor
AT0000743059,2023-10-05,1.0026932274037132,46.53,prod_XGBRegressor
AT0000743059,2023-10-06,1.0069551286878917,46.85,prod_XGBRegressor
AT0000937503,2023-09-25,0.9970291999089521,26.78,prod_XGBRegressor
AT0000937503,2023-09-26,0.9923941509203197,26.58,prod_XGBRegressor
AT0000937503,2023-09-27,0.9976663722841774,26.51,prod_XGBRegressor
AT0000937503,2023-09-28,1.0009549257425463,26.54,prod_XGBRegressor
AT0000937503,2023-09-29,1.0024690153217617,26.61,prod_XGBRegressor
AT0000937503,2023-10-02,1.004583509160817,26.73,prod_XGBRegressor
AT0000937503,2023-10-03,0.9888809233395687,26.43,prod_XGBRegressor
AT0000937503,2023-10-04,1.0062868149901338,26.6,prod_XGBRegressor
AT0000937503,2023-10-05,1.0005099739619598,26.61,prod_XGBRegressor
AT0000937503,2023-10-06,0.9998802368870535,26.61,prod_XGBRegressor
AT0000652011,2023-09-25,1.0105514600591519,32.42,prod_XGBRegressor
AT0000652011,2023-09-26,1.003882837541888,32.54,prod_XGBRegressor
AT0000652011,2023-09-27,0.9978251951443524,32.47,prod_XGBRegressor
AT0000652011,2023-09-28,0.9971176264041421,32.38,prod_XGBRegressor
AT0000652011,2023-09-29,1.0033649646446767,32.49,prod_XGBRegressor
AT0000652011,2023-10-02,0.9971813309746083,32.4,prod_XGBRegressor
AT0000652011,2023-10-03,1.0049382979331678,32.56,prod_XGBRegressor
AT0000652011,2023-10-04,0.9996709369710027,32.55,prod_XGBRegressor
AT0000652011,2023-10-05,1.0008724586734734,32.58,prod_XGBRegressor
AT0000652011,2023-10-06,1.007925822136262,32.83,prod_XGBRegressor
AT0000746409,2023-09-25,1.0074350954137734,75.81,prod_XGBRegressor
AT0000746409,2023-09-26,0.9889914725175859,74.97,prod_XGBRegressor
AT0000746409,2023-09-27,0.9943952575854436,74.55,prod_XGBRegressor
AT0000746409,2023-09-28,0.9959705114088971,74.25,prod_XGBRegressor
AT0000746409,2023-09-29,1.0264929649293792,76.22,prod_XGBRegressor
AT0000746409,2023-10-02,0.9862046926821718,75.17,prod_XGBRegressor
AT0000746409,2023-10-03,0.9995647305630581,75.14,prod_XGBRegressor
AT0000746409,2023-10-04,0.9959691949425221,74.83,prod_XGBRegressor
AT0000746409,2023-10-05,0.9928947371868809,74.3,prod_XGBRegressor
AT0000746409,2023-10-06,1.0011670781385305,74.39,prod_XGBRegressor
AT0000922554,2023-09-25,0.997680313017703,31.33,prod_XGBRegressor
AT0000922554,2023-09-26,0.994726224744153,31.16,prod_XGBRegressor
AT0000922554,2023-09-27,0.9906712098560995,30.87,prod_XGBRegressor
AT0000922554,2023-09-28,0.9985089432453695,30.83,prod_XGBRegressor
AT0000922554,2023-09-29,0.9986858151274033,30.78,prod_XGBRegressor
AT0000922554,2023-10-02,1.007093307257009,31.0,prod_XGBRegressor
AT0000922554,2023-10-03,0.9977387155052237,30.93,prod_XGBRegressor
AT0000922554,2023-10-04,0.9974894925965988,30.86,prod_XGBRegressor
AT0000922554,2023-10-05,1.0013289163096528,30.9,prod_XGBRegressor
AT0000922554,2023-10-06,1.002707175266264,30.98,prod_XGBRegressor
AT00000VIE62,2023-09-25,1.0041827675474568,47.1,prod_XGBRegressor
AT00000VIE62,2023-09-26,0.9967133384986685,46.94,prod_XGBRegressor
AT00000VIE62,2023-09-27,1.002326171743674,47.05,prod_XGBRegressor
AT00000VIE62,2023-09-28,0.9992744193323467,47.02,prod_XGBRegressor
AT00000VIE62,2023-09-29,1.0026163598596074,47.14,prod_XGBRegressor
AT00000VIE62,2023-10-02,1.006636566239645,47.45,prod_XGBRegressor
AT00000VIE62,2023-10-03,1.0074499969977098,47.81,prod_XGBRegressor
AT00000VIE62,2023-10-04,0.9969809420566271,47.66,prod_XGBRegressor
AT00000VIE62,2023-10-05,1.0010767172703257,47.71,prod_XGBRegressor
AT00000VIE62,2023-10-06,1.0003992706667009,47.73,prod_XGBRegressor
AT0000741053,2023-09-25,1.013632548133863,23.36,prod_XGBRegressor
AT0000741053,2023-09-26,0.996042543578568,23.27,prod_XGBRegressor
AT0000741053,2023-09-27,1.0000923503477837,23.27,prod_XGBRegressor
AT0000741053,2023-09-28,1.0063882246391767,23.42,prod_XGBRegressor
AT0000741053,2023-09-29,1.003361049083105,23.5,prod_XGBRegressor
AT0000741053,2023-10-02,1.009341876668101,23.72,prod_XGBRegressor
AT0000741053,2023-10-03,1.0081181948595783,23.91,prod_XGBRegressor
AT0000741053,2023-10-04,1.0000367684945,23.91,prod_XGBRegressor
AT0000741053,2023-10-05,1.0090876594498603,24.13,prod_XGBRegressor
AT0000741053,2023-10-06,1.0090645404210192,24.35,prod_XGBRegressor
AT0000785555,2023-09-25,0.9949018003538678,22.44,prod_XGBRegressor
AT0000785555,2023-09-26,1.0302370171386026,23.11,prod_XGBRegressor
AT0000785555,2023-09-27,0.9816519090144679,22.69,prod_XGBRegressor
AT0000785555,2023-09-28,0.993609690944253,22.54,prod_XGBRegressor
AT0000785555,2023-09-29,1.0063310894014121,22.69,prod_XGBRegressor
AT0000785555,2023-10-02,0.989428499257301,22.45,prod_XGBRegressor
AT0000785555,2023-10-03,0.9994465829024064,22.43,prod_XGBRegressor
AT0000785555,2023-10-04,1.022067824186281,22.93,prod_XGBRegressor
AT0000785555,2023-10-05,1.0077827718996761,23.11,prod_XGBRegressor
AT0000785555,2023-10-06,0.9733633123322143,22.49,prod_XGBRegressor
AT0000831706,2023-09-25,1.000726504207642,24.48,prod_XGBRegressor
AT0000831706,2023-09-26,0.9912445462114482,24.26,prod_XGBRegressor
AT0000831706,2023-09-27,0.993454665584973,24.1,prod_XGBRegressor
AT0000831706,2023-09-28,1.0017166023973962,24.15,prod_XGBRegressor
AT0000831706,2023-09-29,0.9983753987065018,24.11,prod_XGBRegressor
AT0000831706,2023-10-02,1.0056416051502621,24.24,prod_XGBRegressor
AT0000831706,2023-10-03,0.9931460626690145,24.08,prod_XGBRegressor
AT0000831706,2023-10-04,0.9858766849306145,23.74,prod_XGBRegressor
AT0000831706,2023-10-05,0.9987378015553359,23.71,prod_XGBRegressor
AT0000831706,2023-10-06,0.9961925803042853,23.62,prod_XGBRegressor
AT0000644505,2023-09-25,1.025303407881285,41.68,prod_XGBRegressor
AT0000644505,2023-09-26,0.9992252351882748,41.65,prod_XGBRegressor
AT0000644505,2023-09-27,0.9989074205921259,41.6,prod_XGBRegressor
AT0000644505,2023-09-28,1.000074976752586,41.6,prod_XGBRegressor
AT0000644505,2023-09-29,1.006276300895427,41.87,prod_XGBRegressor
AT0000644505,2023-10-02,0.9734709013068479,40.75,prod_XGBRegressor
AT0000644505,2023-10-03,1.007121515763061,41.04,prod_XGBRegressor
AT0000644505,2023-10-04,1.0068824340893652,41.33,prod_XGBRegressor
AT0000644505,2023-10-05,0.9950343165877296,41.12,prod_XGBRegressor
AT0000644505,2023-10-06,1.0081872346560259,41.46,prod_XGBRegressor
AT0000758305,2023-09-25,0.9959641798484627,23.85,prod_XGBRegressor
AT0000758305,2023-09-26,1.0047862483314478,23.97,prod_XGBRegressor
AT0000758305,2023-09-27,1.0023659816666366,24.02,prod_XGBRegressor
AT0000758305,2023-09-28,0.9966584462973908,23.94,prod_XGBRegressor
AT0000758305,2023-09-29,1.000170220494928,23.95,prod_XGBRegressor
AT0000758305,2023-10-02,1.0048590445836798,24.06,prod_XGBRegressor
AT0000758305,2023-10-03,1.0058469636582497,24.21,prod_XGBRegressor
AT0000758305,2023-10-04,0.9999744550275682,24.2,prod_XGBRegressor
AT0000758305,2023-10-05,0.9949753208861946,24.08,prod_XGBRegressor
AT0000758305,2023-10-06,1.008120288827996,24.28,prod_XGBRegressor
AT0000938204,2023-09-25,0.998210707901579,130.17,prod_XGBRegressor
AT0000938204,2023-09-26,0.998242374683589,129.94,prod_XGBRegressor
AT0000938204,2023-09-27,0.9957348916470556,129.38,prod_XGBRegressor
AT0000938204,2023-09-28,1.0125518319262843,131.01,prod_XGBRegressor
AT0000938204,2023-09-29,0.9980467352792056,130.75,prod_XGBRegressor
AT0000938204,2023-10-02,1.000156622683894,130.77,prod_XGBRegressor
AT0000938204,2023-10-03,1.005468880726494,131.49,prod_XGBRegressor
AT0000938204,2023-10-04,0.9912354994921669,130.34,prod_XGBRegressor
AT0000938204,2023-10-05,1.0006139504979201,130.42,prod_XGBRegressor
AT0000938204,2023-10-06,0.9991485077262888,130.3,prod_XGBRegressor
AT0000908504,2023-09-25,1.0010999053344332,25.38,prod_XGBRegressor
AT0000908504,2023-09-26,1.000523828479069,25.39,prod_XGBRegressor
AT0000908504,2023-09-27,1.0036207091633518,25.48,prod_XGBRegressor
AT0000908504,2023-09-28,1.0008068804687278,25.5,prod_XGBRegressor
AT0000908504,2023-09-29,0.9965733223145855,25.42,prod_XGBRegressor
AT0000908504,2023-10-02,0.9992798284780475,25.4,prod_XGBRegressor
AT0000908504,2023-10-03,1.0070629443772632,25.58,prod_XGBRegressor
AT0000908504,2023-10-04,1.0050743651465617,25.71,prod_XGBRegressor
AT0000908504,2023-10-05,1.007057936808626,25.89,prod_XGBRegressor
AT0000908504,2023-10-06,1.0071560643356356,26.07,prod_XGBRegressor
AT0000A21KS2,2023-09-25,1.0025660646643937,17.87,prod_XGBRegressor
AT0000A21KS2,2023-09-26,1.002929041789814,17.92,prod_XGBRegressor
AT0000A21KS2,2023-09-27,1.0043366855059874,18.0,prod_XGBRegressor
AT0000A21KS2,2023-09-28,1.0049918749671611,18.09,prod_XGBRegressor
AT0000A21KS2,2023-09-29,1.002595345374568,18.13,prod_XGBRegressor
AT0000A21KS2,2023-10-02,1.0055064104802824,18.23,prod_XGBRegressor
AT0000A21KS2,2023-10-03,0.9985582178354976,18.21,prod_XGBRegressor
AT0000A21KS2,2023-10-04,0.9996372743584013,18.2,prod_XGBRegressor
AT0000A21KS2,2023-10-05,0.9978812821704646,18.16,prod_XGBRegressor
AT0000A21KS2,2023-10-06,0.9973164734529919,18.11,prod_XGBRegressor
AT0000641352,2023-09-25,1.0021670740199664,30.52,prod_XGBRegressor
AT0000641352,2023-09-26,1.007667204675219,30.75,prod_XGBRegressor
AT0000641352,2023-09-27,1.0010886893015758,30.78,prod_XGBRegressor
AT0000641352,2023-09-28,1.0054011661650497,30.95,prod_XGBRegressor
AT0000641352,2023-09-29,0.9999278798204826,30.95,prod_XGBRegressor
AT0000641352,2023-10-02,1.0042868729236103,31.08,prod_XGBRegressor
AT0000641352,2023-10-03,1.007334467934127,31.31,prod_XGBRegressor
AT0000641352,2023-10-04,1.0018703945909813,31.37,prod_XGBRegressor
AT0000641352,2023-10-05,1.007378407998013,31.6,prod_XGBRegressor
AT0000641352,2023-10-06,0.9993237945972983,31.58,prod_XGBRegressor
AT0000821103,2023-09-25,1.0039628353931345,7.53,prod_XGBRegressor
AT0000821103,2023-09-26,1.001589941770448,7.54,prod_XGBRegressor
AT0000821103,2023-09-27,1.0067840163744557,7.59,prod_XGBRegressor
AT0000821103,2023-09-28,1.0065384259734056,7.64,prod_XGBRegressor
AT0000821103,2023-09-29,1.0041923116711362,7.67,prod_XGBRegressor
AT0000821103,2023-10-02,1.0093792968522513,7.75,prod_XGBRegressor
AT0000821103,2023-10-03,1.008675216803978,7.81,prod_XGBRegressor
AT0000821103,2023-10-04,0.9995637239212333,7.81,prod_XGBRegressor
AT0000821103,2023-10-05,1.0088794802547194,7.88,prod_XGBRegressor
AT0000821103,2023-10-06,1.006149253712665,7.93,prod_XGBRegressor
